timestamp,room,sensor_type,value,sensor_id,value_encrypted
2025-08-29 20:39:42.548269,Room_1,motion,1.0,Room_1_motion_001,Z0FBQUFBQm91djAySTFramdjYm1vMF9nRXdOd29icG1ib3ZWakNGNDJZbHI4M0NmajVTZk9qZVBDZ0E5d2FGN0RnRWZIN1VwU1N6ZmZGczJKWnZ3NkkzRDNQT0t0WXI3Nnc9PQ==
2025-08-29 20:39:42.548269,Room_2,motion,0.0,Room_2_motion_001,Z0FBQUFBQm91djAybDZpOG1NcDV1RDhUWTRybXRBNnJIQ3hKbWFXTXRZbVhGcnkyQnQyTEg0NUVMOHBIS3djR3NXMmhhdi1vYklkRU5kbEFPemVEZjRBaHFYNFNFNnFteWc9PQ==
2025-08-29 20:39:42.548269,Room_1,air_quality,19.61,Room_1_air_001,Z0FBQUFBQm91djAydnJRc21OZXlqemhmSk9xa1pac2JGZGIxd0szXzlvR0VhcEs4ZGlIbjRkTlpUTzJwdFpQSGItallmdHVRblpxbHhqVVJsaEpkQjVWeXZBeWw4OGhJenc9PQ==
2025-08-29 20:39:42.548269,Room_1,humidity,54.79,Room_1_humidity_001,Z0FBQUFBQm91djAyRVBlVXpsZF9iSi1HdmlCVzU1ZFZqdWx3YXdibjdzcFV2cGE0SjZmQnk2MWxBWnh0em5oa2UteWlQbDF3UVctb0xic0JnRF9lR0VMYkx1ZlMyM25uRlE9PQ==
2025-08-29 20:39:42.548269,Room_1,temperature,21.51,Room_1_temp_001,Z0FBQUFBQm91djAybzd4a0FWRFk5OG5TZmJxU3ZfUXpXdVhIdjl2MHJTZDV1WDBfcmNYTmdXcWk1WE1pZnNCQnRpeTl5eF80ckFvMlhRdnU0SDVGUjdHVk5QclZQWnltOHc9PQ==
2025-08-29 20:39:42.548269,Room_1,light,23.25,Room_1_light_001,Z0FBQUFBQm91djAyVjZ4TlZqRUJLYUk1U3MwTXlEN2VMWnMzVHFjcXZjODJibUNnT2VQWGhKalVpc1ZSenVFdV9sMV9NQjNKakVrS2NtemxpQ0xaZGdjRTJTWXpxdW5KaUE9PQ==
2025-08-29 20:39:42.548269,Room_2,temperature,22.11,Room_2_temp_001,Z0FBQUFBQm91djAyZ1dPaDRzVThVaVNyN1FyZFV4UHNVdDFBQjZpcHBUZkpyaERUczc1R0JYYi1uSjZNckd1RExpdDNkV0QzbWQ4OWlMSXp0TmVPeUNuUDRJeDg0Q3lWNWc9PQ==
2025-08-29 20:39:42.548269,Room_2,humidity,45.77,Room_2_humidity_001,Z0FBQUFBQm91djAyZFJtRGs4MTB0cmNJc29Da2JtUUxlbFF2dTFPWTFMRDBKVEdieTRoTlZlQnVqN2hjUHZrdUpSaTBJa1U4MWp1b1ZrZ0M2UGZCXzh1OGt1N2Z0b0N3ZlE9PQ==
2025-08-29 20:39:42.548269,Room_2,air_quality,27.49,Room_2_air_001,Z0FBQUFBQm91djAybHl6b2M5eDU4eW4xeHdwRHotN0NoV01zVVQ3ekpBcjU0MXlpNHRXM0ktN1BlSzhpWHhDQmE5UlYzYnUwWkdWSk9JSEhlUnRIeFZ3cjRkZ2lGYmFMWXc9PQ==
2025-08-29 20:39:42.548269,Room_2,light,284.67,Room_2_light_001,Z0FBQUFBQm91djAyTmhGNHI2NGNyVkZacnhRdEdFUzFsRDE5MG50TE9jLV8wY1hXTXVGVFVJeVdkYkV0UVN2U01JMzRFMFZ6eGtRVzNkaXVMSWNOVFlidDVvRWp3SjBuZkE9PQ==
2025-08-29 20:40:42.548269,Room_2,motion,0.0,Room_2_motion_001,Z0FBQUFBQm91djAyUlRaaWYtUHZuYkUzcDdyaTdDNWg3cEFsRnFRelN1Y1RVVFl5ZTJTdmtzU1hFWlRCZjRQQW4wRjE5Z0gtalhraVNlazhsUmFTby1zZ29FcWJUWWZaRVE9PQ==
2025-08-29 20:40:42.548269,Room_1,motion,0.0,Room_1_motion_001,Z0FBQUFBQm91djAycUlGUC13aWJqMkJYMERVYVB6LVB2WERJTlZFeG5XbVJCUVJOdURyTmd0UlJYYW54REZrTlhLMF85eW9FWTFlX21uVXpxZ3R3bTQybUVkeTZZYWd3ckE9PQ==
2025-08-29 20:41:42.548269,Room_1,motion,0.0,Room_1_motion_001,Z0FBQUFBQm91djAyTVItWmVzMDI5cjZjbUFqYkZIcVVTMmkxbkFDWTV2cl9nZkI4dDBMbWZnb2lIMWRhSnc4Q2Zlemh5RHpwckE1ZEVueWxCM05nVzJVcERxY0RaY2dpWkE9PQ==
2025-08-29 20:41:42.548269,Room_2,motion,0.0,Room_2_motion_001,Z0FBQUFBQm91djAyeXdwWmR0ZjFJZGtIelE2LTFLS1VrNnhqSDNxdTZHS1hoUkJBZlNGblFLbWJiSVhSZHBheWRXZVJ3ZzIxaTJiSzFBX1lldVdqZmhjcFdhNXlDaVhaTGc9PQ==
2025-08-29 20:42:42.548269,Room_2,motion,0.0,Room_2_motion_001,Z0FBQUFBQm91djAyNmpyZUFoX1ZmWmsxdTRreFZsa2dlTEpFT1JtdWY5eUJOVXpUVUEzVUl0YjRGX0NkRkJQdnozQ1p4NXVsbW9kNHkyQ0VmbU9qQjhzRFE5Tzl2ay15aWc9PQ==
2025-08-29 20:42:42.548269,Room_1,motion,0.0,Room_1_motion_001,Z0FBQUFBQm91djAyYjBiUTJwc0tkWlg1dVdJNVZrclRleUdXN2J6VWQxWkZIVGpvWHhwZU1vX0g5cGlBbTZyQURSMl9xdG1SbjFPVWxWRUcxYUxHUnRDbGZaSkpmbUNnVmc9PQ==
2025-08-29 20:43:42.548269,Room_2,motion,1.0,Room_2_motion_001,Z0FBQUFBQm91djAyc09VT2swYmxlREMzNUZKMF9Scmc1dEVRVzN0bkg2Zzg3XzFtMV9kWlZrMkxHdzhaZUdsdHY1YzhuaHNBbG85ckRPTGJIc2ZodzRJTWlJUU9lTWx5SHc9PQ==
2025-08-29 20:43:42.548269,Room_1,motion,0.0,Room_1_motion_001,Z0FBQUFBQm91djAyZGdkZVNGQmtZejdWaFNBTF95c3NsRS16TFJFX1hfWWVXbUJwTmZ5cVFZRUdOaUhlZXJ2UXFLUzYxZzhrOWhoUTBiSlZuSFdFaDF0RWtWeVp1VEdFN2c9PQ==
2025-08-29 20:44:42.548269,Room_1,light,78.31,Room_1_light_001,Z0FBQUFBQm91djAyRUxHVkdfLUJQQy1VZTd5VHdfVDR4a2h5OFBEZHhFeEFSbTdMakRuUk1Nc3ItWWtpNklBUDRPdDNVN3YwQzdFbTY2c2VzYjZIdHktcXF2LVFMT0Jhdmc9PQ==
2025-08-29 20:44:42.548269,Room_1,motion,1.0,Room_1_motion_001,Z0FBQUFBQm91djAyWFB2OWtTQVRfSk96bEh0cHYwazFCNzd5dUVKWEpKTjY5SXZTU1J4R3VZYXJIN2ZNQlVaNUljQnRvaWMxOUtJM0s4eFZrdk9uZGtfOHRMZVhBNjVHWXc9PQ==
2025-08-29 20:44:42.548269,Room_2,motion,0.0,Room_2_motion_001,Z0FBQUFBQm91djAyV21pcWVQNDg1akRVZVc1R3habF82UFQ2SUo3YTlZOUpqZnJJX19pUk1BSW8tWEhFS3pCWG1YMHdCOVoxTktNRWhkOHk5ZmZORTZTRUU4elpPZTJXdnc9PQ==
2025-08-29 20:44:42.548269,Room_2,light,0.0,Room_2_light_001,Z0FBQUFBQm91djAySmlqbVFYeGNMOUNFS0tSbk5aU0l3MzBNZjA2eXp6MEZrVmdTMjhtRUdDdDlIRF9OTzRXVVVkMVp0Y29mQWhsWXlMSklDZUlVeHZxR2NVM0EyTS1oT3c9PQ==
2025-08-29 20:45:42.548269,Room_2,motion,0.0,Room_2_motion_001,Z0FBQUFBQm91djAyM3Zqa05Td0V4blp5TW9vbHhDNUVoT3l0YkI4RGJHQ2piVWNnQXVIMkRjRktnT3pCOUo3VFEyNjRGNlRvbEZLVkx2bzIwUmpCT1pmZGNXeUNDU01vLWc9PQ==
2025-08-29 20:45:42.548269,Room_1,motion,0.0,Room_1_motion_001,Z0FBQUFBQm91djAyZFFDdy10Ui1BUzNZcjlNNjhxbWRvUjZ0SkhmWVc5Y252T2RvYUQwLTJ1Z240NGlDNXUyNDZ3NGdqQlNoM0E2U0VyMWhRSjRnTVJ5blVWRmZHTmJyTXc9PQ==
2025-08-29 20:46:42.548269,Room_1,motion,0.0,Room_1_motion_001,Z0FBQUFBQm91djAyWFF0U3V1Wk14WVg0NUl2T2FWTG12WXpRTnd2eGNMbGdVWXZSMmFMd1Qya3JxaDMtS3N5Y2VVMnpTaEJkRzY0TnlFNDNmc0FYd2NWOXV5VmVVVWc5RXc9PQ==
2025-08-29 20:46:42.548269,Room_2,motion,0.0,Room_2_motion_001,Z0FBQUFBQm91djAycXpaRDVkSTJvMjFMWndwb3hmelUtTHdMVEJmc2pDbzJFc2hvRml3YmtzRzJZZWRseHZiMFp4TTJ4bHFFM2ZoeG9EMVFNSzQzc1hRS3ZNcGpxX3h2N1E9PQ==
2025-08-29 20:47:42.548269,Room_2,motion,1.0,Room_2_motion_001,Z0FBQUFBQm91djAyeEFlSDVfYndsU0VoVU1hWEFTTHVTb3B3VVBMSDFnRWVGeHd2N1NwVmdTTVJ0RkRZczVJNTZqTVRkdzZQR1l0bHVWZzluVV95dldoX291X3hfcU4zWkE9PQ==
2025-08-29 20:47:42.548269,Room_1,motion,0.0,Room_1_motion_001,Z0FBQUFBQm91djAydnFzWF9xWHhvZkZSYVA4UG9yS2o4bGh3S3YwYkxOMFR1blNoNlBKMVpjMVhGTmlGTHdMa295ZkxZUFZid3NQNEx1WFkyV2w0MGRWcllaN3FtSlBNTUE9PQ==
2025-08-29 20:48:42.548269,Room_1,motion,0.0,Room_1_motion_001,Z0FBQUFBQm91djAyS0k4aXo2dmgyRm1UMHphTHZFWUc2bnZVSkN5WF9JcDBwZkVma2NJQjZqMWJ4X3FKOUN0MWtJUy1ickx0blpsYzJGTXE4cTJTemtGYzdVOHVFa0g2NHc9PQ==
2025-08-29 20:48:42.548269,Room_2,motion,1.0,Room_2_motion_001,Z0FBQUFBQm91djAyZWs4bWduSXFOTXR5SVNra2NCSlRNX3VKQ2RxR2VXdFZtc0xzZUJWTXlweUJJaTE0RWxudkdKZEtvdnV4MUV5T0JPeGhVenFwelMySUJkQVhweG00X0E9PQ==
2025-08-29 20:49:42.548269,Room_1,motion,0.0,Room_1_motion_001,Z0FBQUFBQm91djAyenZNNTBXX0lPYV9FaFlXM0dfMDlLNkhyVmJ1NXQwdXo1d0NrOUp1dHlQR3hKTEllbHNtbWdTV2RJY1A0b0NWbVpqa2ZUeEZOMmg2V0VDY2piU2dtX2c9PQ==
2025-08-29 20:49:42.548269,Room_1,light,255.68,Room_1_light_001,Z0FBQUFBQm91djAyV0tuTjVVa3ItTEtmU0xiV3RkT1N0TDlPN0V4UnFaaUtmZndocnRpdDB2U0tNSk41OW9VQndFaFp0Vm13aEhtMXFZdEVyQjNfY280dkdaRWYxelZkdmc9PQ==
2025-08-29 20:49:42.548269,Room_2,motion,1.0,Room_2_motion_001,Z0FBQUFBQm91djAyYVVuSlRpNDNvNm45NTZJU0plM0xud0xHVWt0MmtlclA5Z09MVDZhWlJPbTQ2Y0g1aUYxSVpTQ3dGMGRpR3NyX09xT081UEhIcGNDa1ppNmprWEtET2c9PQ==
2025-08-29 20:49:42.548269,Room_2,light,60.72,Room_2_light_001,Z0FBQUFBQm91djAybEhudVdPdEtfQURrR0ZhV3QwZy16SnFXRDNrT1hmV0V1Y1NiRlpRYUhSVmNnNmJIdlhtRWd2WklpejRqQ1E1b3RsbElqNlR4U21SME1pbWNJYWVtSEE9PQ==
2025-08-29 20:50:42.548269,Room_2,motion,0.0,Room_2_motion_001,Z0FBQUFBQm91djAyNnlsX2VTWE80SmxRUG5sX0dJZ0ZES3FCYk1SLVhqMDRiRXZxbDZ4c3ZFeXJkeHdwN09nSHlfZ0RiOXZNUkFpdEtuYTdwa0VXS09tbXctRUlocmgzRlE9PQ==
2025-08-29 20:50:42.548269,Room_1,motion,1.0,Room_1_motion_001,Z0FBQUFBQm91djAyX1BBVHU4QWNvWDQwRmJNcW80Wm5GYlVUd2x4dXFIOFM0dEwyOTNrdkxTa0RwdDdaMnRyNDFWUWRscXVUMm9oODVjc18tejZzVkFIM1VaV3RlWkJWTHc9PQ==
2025-08-29 20:51:42.548269,Room_2,motion,0.0,Room_2_motion_001,Z0FBQUFBQm91djAyVVVVeHFIUnZFYm80WjYwX0tZV3ZKRUlsaHBucmd5WUttS3FVYThQeTEtOHNzRkk3SnFaTVE3aEZneGJrYlhibkVrNnJvMWtodHdsWWJfU2tKZ25QbEE9PQ==
2025-08-29 20:51:42.548269,Room_1,motion,0.0,Room_1_motion_001,Z0FBQUFBQm91djAySlhkRTFSbFdzLXpNbVNTUkNJbERxeFE1c2JHWGxoTmJjZUpZV256bThRYWtIWWN5N3ZQd2I1S2prbndTTjZlUXRLT2FjQ2VidFAyZHBZbW5UNFJvcFE9PQ==
2025-08-29 20:52:42.548269,Room_1,motion,0.0,Room_1_motion_001,Z0FBQUFBQm91djAyN1NkTnpKNEFBWTFrTUhYclhWLWpqdHFKcmxPU04xd2JMd25Wem1xZXlaWTJMVmd4eHB4QmVudkZDcEU2ODMxWXJ6N09aY3Ezc1NpTjU1WVJoeVlVdVE9PQ==
2025-08-29 20:52:42.548269,Room_2,motion,0.0,Room_2_motion_001,Z0FBQUFBQm91djAyYVYyaF9LTUVPd0czLWVZV2hqdXRfWVR5UVF4UEU5YzYzNlpIRnFiTHpSUEdfMmxOS0V3M0hQNUJYNWQ3dUdUUFkwdHFWaS01TnQ3VDR0dk1LUTNGVWc9PQ==
2025-08-29 20:53:42.548269,Room_1,motion,0.0,Room_1_motion_001,Z0FBQUFBQm91djAyWGlaR1VLcUg0UV9sQ2dGanhMbWlWNHpuVF9naUxCYlRFcWVXaGVESnBCUlRzNmdfbUhaYXhsblFmNS1jS21yYTl5eGRveVVJcE5RY2pSbEU2anctUkE9PQ==
2025-08-29 20:53:42.548269,Room_2,motion,0.0,Room_2_motion_001,Z0FBQUFBQm91djAyclVLWFd2WWRNc3FGMHdOeU1TYjdOdzJjUmgtZXFhazZuSlU4aHJiTjBNTU02RDZxRV9SdURyaldCQ0xTMlMxQU9MSEpLQzdwN2x3dnpqSG5JYVc3eUE9PQ==
2025-08-29 20:54:42.548269,Room_1,temperature,21.21,Room_1_temp_001,Z0FBQUFBQm91djAyc0RUNmFPdnd5VVpjenA1UnFrS18wdEdGVng1V1N4dUwybWhjU3BPSzhUMUxKWUFtcDV2d21hZHBxYW5vdlJrajNTX1ZTS1Nrbi1wRHpQOTExNF9WNXc9PQ==
2025-08-29 20:54:42.548269,Room_1,humidity,53.55,Room_1_humidity_001,Z0FBQUFBQm91djAyZEpqSU5aTzYyeDhBMTZyeW1OamZPRlVkSVcySzVBaDJUVjFfdkFKVGxzc05hdFRtVFl5dHF6V21KcjNPWGVXWnNJdUZRdnFPdE5Ea2FUTDk5VkhaWVE9PQ==
2025-08-29 20:54:42.548269,Room_1,light,63.07,Room_1_light_001,Z0FBQUFBQm91djAyc1FZNEl4RUhXWUUydFl6dFNtWFRCZ2JZOFJoVkcyZXVKek1VVmI0MGVLLVRrRlBiTWJIRElNX1NPckRRLUJkTnNSVDhxSmtJQTU0cWxZZU9DaXdpbUE9PQ==
2025-08-29 20:54:42.548269,Room_1,motion,1.0,Room_1_motion_001,Z0FBQUFBQm91djAyMGJvMkN4MDdYeFFfM1BlQ204RHFXMUs0MzZSS2dlNDVnWlc4Nllpd3ZwRjdZTENEMnE2WERVckRCTE80eFMwWWVTR2ZxNE1kcWhSOG9xand0aVpLaFE9PQ==
2025-08-29 20:54:42.548269,Room_2,temperature,22.21,Room_2_temp_001,Z0FBQUFBQm91djAyUXM1TTlDMWFvUHhMelBMd3RnYW5CbVBsQjNPMndTbzY0a0hYMXBKX3RRemxwVENmWEhFQjBsNjhRcnZvOFVhUFlyWE5sZjF1cE1TVUhNMHkzNW1oTEE9PQ==
2025-08-29 20:54:42.548269,Room_2,humidity,42.4,Room_2_humidity_001,Z0FBQUFBQm91djAyc3gyMGRDcklLdTBXVGNRZzlPdDlVNV9BLThnejZXTzhSS1AxeDFLNEJfS0lzc3Zmc21QelU1VTlJWUxIMW9MQ1JzdnZEQ2pNdzdKcm9rLUZKWVpNbXc9PQ==
2025-08-29 20:54:42.548269,Room_2,light,84.1,Room_2_light_001,Z0FBQUFBQm91djAyTG40MkNZcHdNVF9Zbk9HUmZlcWdRUHZMT0hQZkc2ZkswXzFfblhwaWFvRXVSc1hNdXVjVWVNNDJBSnRzY3NfaENUZ0Q1a2pXN0FSWWRGalNiUm9XYVE9PQ==
2025-08-29 20:54:42.548269,Room_2,motion,0.0,Room_2_motion_001,Z0FBQUFBQm91djAyUk9rQ0p3X2xQNlJZRXE5LVBNWXNrQWZCcFlfWWhLRVFaWFNRUE9tbk1IWVJLRnpQM0pFU1k0cWtXd3RCT3lIX0o5QlR4c2dYYTFsVzJvdkZQcFU5Y1E9PQ==
2025-08-29 20:55:42.548269,Room_2,motion,0.0,Room_2_motion_001,Z0FBQUFBQm91djAyb2x6eE0zWVlfVkpxTmZVb1prQjQ2dnlOVnRGdWVzeExUcDhTQURSN08yWm12QUhWMlRFaWhHdUdoTXhLemw1ZEp1ZnpaRHhNQWRtWWtIY1VHcmkxQ2c9PQ==
2025-08-29 20:55:42.548269,Room_1,motion,0.0,Room_1_motion_001,Z0FBQUFBQm91djAyWE84VFBFLUlEMXJKbzlaamJ0LUV1X09CMmhZWTNERnpWYUprOXNiNVZPekdNaEhrTzZHMHpoWVJReEJ3a0czYXg3UVlLMjZhSUFtNXR6X09QTjhuX2c9PQ==
2025-08-29 20:56:42.548269,Room_2,motion,0.0,Room_2_motion_001,Z0FBQUFBQm91djAyX2tFT0lFeVQwQ2huMmtuanpodEZWbFNKejlyNmROR0w2bHJhRC1XWG01U0JXeVRfeU5YaldoMG5WY2RPRFY5bTU5ZVVuM1Z6T25BZjRUSWwyVlp4bXc9PQ==
2025-08-29 20:56:42.548269,Room_1,motion,1.0,Room_1_motion_001,Z0FBQUFBQm91djAyeDJ5X2ZOUVRtOThvVTk5eVRVSzB6UlhPMEMxZnBVRU1mZHNvTW5JMjhYZm52WURCMmprNXR4TkpSX2oyeTBpeGUteFo4bHlac0VkWldpNTRxXzQyQWc9PQ==
2025-08-29 20:57:42.548269,Room_1,motion,0.0,Room_1_motion_001,Z0FBQUFBQm91djAyalQyUHUzV2dhV1JWYXVDSTZJYlZGRzM4N0ZfaFNPUlFHYk5TdzJobnIzSG1pZVhwRWtNYmFpX2VzSEVpcWdKZTlraW84dk1mMDAwcEU5bHZiTkxBUEE9PQ==
2025-08-29 20:57:42.548269,Room_2,motion,1.0,Room_2_motion_001,Z0FBQUFBQm91djAybXBkRDNVWFVacHBaOG41b1d5Z1ZRTFpZcUc0Ym41eUxzNXUtRnhOY3dCaEIyOUFCcGh5Wm9CZ2I2NzNQMGQ4QmJwZVZvdFZqLVVSTDZHUjVVc05wSXc9PQ==
2025-08-29 20:58:42.548269,Room_2,motion,0.0,Room_2_motion_001,Z0FBQUFBQm91djAyRFdWZmdkYWNrVzhVTkZVY2M4VVZxN0tFQ0RKNmYtTGpFN2VacGk1YTFqUDlFTXgwR3o0d0F6bHdPR1UyOU1xOUh4UXVHaUlLMmdOdEdVN1kzQ0U0aWc9PQ==
2025-08-29 20:58:42.548269,Room_1,motion,1.0,Room_1_motion_001,Z0FBQUFBQm91djAyVDhHYXc3T3pzUkMtU2x1eG1HVXZTb1JqbHZVaWVrYmtyTlpOZ3FLRUJ3UV9BZlFwTGtzWi16UjI3UmRVY0NUMFRvRktCdmRzOVJaemEwRWNBTFVSQWc9PQ==
2025-08-29 20:59:42.548269,Room_1,light,75.07,Room_1_light_001,Z0FBQUFBQm91djAyT3BzbTJ5a1dpN0x5WjQtdjdDdmNRNDg1N0tBWnVDbHZhajhGVnpYeE5oMVY2MjdfcFo3bHQxOUZEenI1MkpIN096TEJna29NZkdEQ0Fmeko2ZDJ6RGc9PQ==
2025-08-29 20:59:42.548269,Room_2,motion,1.0,Room_2_motion_001,Z0FBQUFBQm91djAyUWcyX2VSSlJzckl6U3BNN2ZJcUd2dEhDamxFRVVrZHpQQ0d2Q1dlWXV4LU8zZkVpQ3VaTFkxNnBjdU13S0E0M01qVXRVUzBmanNKSHhTTmliZTQzelE9PQ==
2025-08-29 20:59:42.548269,Room_1,motion,0.0,Room_1_motion_001,Z0FBQUFBQm91djAyYTJpT0c2WFRWVmJ2ckhnV3I0SDJmXzhCWjBXVzBGc0pYSm1uNkJYWWpSZlhFZDVsZThTaV85SGFUM0sxbms1enZ4OVRjSk0zTElnc3JRUmlERnEyNkE9PQ==
2025-08-29 20:59:42.548269,Room_2,light,41.82,Room_2_light_001,Z0FBQUFBQm91djAyZmxGVERFOV85QVBYYWdvVEJJWDhiNk9GNk1QcTlkRkZfZlVlWlRGaHBKYW5zUzVoR2tSd2FmQzdrdzlwWUJOMENCNjhubkFpZWx0OWFWWU4zYlJDQWc9PQ==
2025-08-29 21:00:42.548269,Room_1,motion,0.0,Room_1_motion_001,Z0FBQUFBQm91djAyZjhFa3JLYklyS041U2lSYmkzRmtKdkpuMlVtVUZWWFdvdlZ0TE5rc2FEZzJXc1BTYnR0LWZrc29PTzRxS3BqUHRWaHZ1VG1tT2xnUldrZk8zeldOYWc9PQ==
2025-08-29 21:00:42.548269,Room_2,motion,0.0,Room_2_motion_001,Z0FBQUFBQm91djAyMEkxTC1rTUVBMk1BZ2VValAxTjZwTlRNRk9PTi01VDRrNmhaemxLN2ktdWU1ZThiZ2xweGlXQllyVXQ0VTBfN0F3ZzkxbXhkcGh0TzBpNGpkYkl2NkE9PQ==
2025-08-29 21:01:42.548269,Room_2,motion,1.0,Room_2_motion_001,Z0FBQUFBQm91djAyempWdkZfT3Q2QmwyNGJ0UDJkdi00OUNCMGxORnhuS2RYQ1I1Q3dvYU5ZeUozeHd1ZDcwM092ZXZMSXlyRDU2bVptSnhFU2pqRHRMekkySEpQMWVLREE9PQ==
2025-08-29 21:01:42.548269,Room_1,motion,0.0,Room_1_motion_001,Z0FBQUFBQm91djAyY0F2OXFSVzJkRE5CSEQ0dWdlWkZibDFza0Qyekp2ZHFNR0V5bGxVQlk5ejRqNDRpVVYzUy0tY2Q2NV9aYTJCUG9idklHNkpGTkJiUFNSZFJkY25TWFE9PQ==
2025-08-29 21:02:42.548269,Room_2,motion,0.0,Room_2_motion_001,Z0FBQUFBQm91djAyV3NQNVJEWnlxZWRRUE1BWU5PWHl3VGkzMWEwOWZPVXBGSHdOLUFqcmxSYTlNRHo5QmZjWDVEOU9LZlpZSHZYbGx1VmhZLWdvQTBpWGE5VkxLbDNsbEE9PQ==
2025-08-29 21:02:42.548269,Room_1,motion,0.0,Room_1_motion_001,Z0FBQUFBQm91djAyRFNjQVE5TXFkU3ptQm1xd3lqQ05pTjZTcUlLcERwS2RwNGVTSUNnQVBWTjhCdzRBY1BNODAtZldrcDd0RHdqYUVCQnJVTHc4R1pSMGF4QjRfRTFrS0E9PQ==
2025-08-29 21:03:42.548269,Room_1,motion,0.0,Room_1_motion_001,Z0FBQUFBQm91djAyRGNXeG4tWGVWNkFoUkZXSHVXbGVzQ3I4NWlXT2V1YUFYVkp1R2V2SklpOHBfM09WeGx1dlhKeU0xaU5aVThoQzQtQVd6YWpMSTZWN2duSjItMFFqRWc9PQ==
2025-08-29 21:03:42.548269,Room_2,motion,0.0,Room_2_motion_001,Z0FBQUFBQm91djAyWXFITEJPREpuS0tnS3BuUC1TNDNxTGN4NHNHcGdGTlhoUTd3WXk0Tk0xODc0MUEwNDhzNllnWUNXVWF4Z0t1ZF95dzY4REtmRjExSF8yM01wNmR0SFE9PQ==
2025-08-29 21:04:42.548269,Room_1,motion,1.0,Room_1_motion_001,Z0FBQUFBQm91djAyaktsTnl3SXQwclh0SUhmczdsQXBwdXViRHlkVEc5R3lDVkZXdlFvdkJrUnpzaktESmtPZUFOaGRyQ0d1RmdXNVJWd3hnTVktaFFxVF8ycjZrNENkRkE9PQ==
2025-08-29 21:04:42.548269,Room_2,motion,0.0,Room_2_motion_001,Z0FBQUFBQm91djAyVkdJNHVXVExyZjg5ODZ6bElVUmFHUGlrenZibFNsTmlFRldobWVPLV8yOXNkWnFmT0wyNnJCUVZwZUVRTVllRmxHY2dWcmN4YzBDcHR2cEJwcUpQNFE9PQ==
2025-08-29 21:04:42.548269,Room_2,light,268.08,Room_2_light_001,Z0FBQUFBQm91djAyNmtyRzBpOWJQa3FIN1BQSXFlbzczNXJNSG11ZUFVdDNzcnpfN1BDeU5aa1NMdmxrOWhYc3llRVRvd1huNzE0ZTZidkxoZkVwazFoemtDZ0FGeG51U1E9PQ==
2025-08-29 21:04:42.548269,Room_1,light,100.85,Room_1_light_001,Z0FBQUFBQm91djAySm4tcC1CcFRSTEdnYzd6TlFBSUozREpZMWl4V05kTzN1QW0xbzJ3SHQtaDBjYVRFZ2hrdHVJMWVuWmR3OUxDaGhMUGFRZzVoRDgzcV9xQVZEemVSa1E9PQ==
2025-08-29 21:05:42.548269,Room_1,motion,0.0,Room_1_motion_001,Z0FBQUFBQm91djAyaGdWdk9XR1NxX3RiNnVDQzhfTWg2Yk9XTU5mc3hqNDN1c3N6MnZJdkI5OXVSTHViT1daX1VYb2h3QmtZYW5fZkpKcURaOUtDTGlUdGxPYUN3RHBVZWc9PQ==
2025-08-29 21:05:42.548269,Room_2,motion,0.0,Room_2_motion_001,Z0FBQUFBQm91djAybzZGV2dkMTE3ZE4yVUtPUzhjVHUxMHBsdDVWaERSNlZGNF8xWVl4dGhFcWZ2VGR6OWtSRjU3X3I0UnZRUWlrRVFvYndCRjhqSzltdDJaQUs0SVIxeGc9PQ==
2025-08-29 21:06:42.548269,Room_1,motion,1.0,Room_1_motion_001,Z0FBQUFBQm91djAya29vUzF5bzFrcHhMZkRaa2l5RF8yQl9jQU1YMXlCcmdjYTlvVVhaNjQzaFl6SG9hamJNUUZqVlpXb3RvSDZLZzMxN3ptTzhlYzBFUXhqckJDX240YXc9PQ==
2025-08-29 21:06:42.548269,Room_2,motion,1.0,Room_2_motion_001,Z0FBQUFBQm91djAyWGk0X3lXem4xdERhaFowSndMQzVWVmU0Q3ByRks1OGFIeDRzMHJ5QW9VQnZLZGEyczJzdkoxZGJGRGlVYThrRmkwY0liN0s4ejZqV3k1NFJhZWtkVGc9PQ==
2025-08-29 21:07:42.548269,Room_1,motion,0.0,Room_1_motion_001,Z0FBQUFBQm91djAydGxXWFV6R2FvNzMwRnBUSnhNazZseDA5U1NTYVd2RmoyTXduckJfWE9OTGh1YkdsdWlxQ2lONk1JWkYwZWh1RFp4TmxHaHctYXlmc2hsWlpWRnBwekE9PQ==
2025-08-29 21:07:42.548269,Room_2,motion,1.0,Room_2_motion_001,Z0FBQUFBQm91djAydTlHT0JfU3BudFROR0czaENEQlBNOUZRM1RPMjQ3YnhyMWkwbXdnWUZVYXF6ZnFaZEFxeUNVTTB4X0p3ekcxRVBjUlVPcU1GZ0FzX2Q1bWFzNDFHUFE9PQ==
2025-08-29 21:08:42.548269,Room_2,motion,0.0,Room_2_motion_001,Z0FBQUFBQm91djAyR24tMl9CUnpHaVNzWXRBTW1naUJ0LWJJREdWLU9VOGFGdWdvLXBnRGx4bExWSUw1dnN3TXpJMHVsR21reDBReV9rUTVXOXlvUEZ1dUQ0a3VFcllYZ1E9PQ==
2025-08-29 21:08:42.548269,Room_1,motion,0.0,Room_1_motion_001,Z0FBQUFBQm91djAyNjVVTWJyYkc3a1BmVndRNTBaa0cxTXdjM1V2N1Y3UWthcW84Mmhmcl9MSm11WWtHbWJCMk1wSmtxbzVUQnF2YjNrOVFYOFB3OXRXOWxoNjd0cHk3RGc9PQ==
2025-08-29 21:09:42.548269,Room_1,humidity,70.12,Room_1_humidity_001,Z0FBQUFBQm91djAyLTYtZkpfYmhjZ0ZoRHhneGRCd1E2Q3UyRTRoa05HREFnQW5BVWhCOHloSFRwQkdzNHJvQlhvNmFZUjNVZ0ZZaHY3b01NdWwzcUxaS3JubnQ5UU1xT0E9PQ==
2025-08-29 21:09:42.548269,Room_1,air_quality,11.48,Room_1_air_001,Z0FBQUFBQm91djAyYm01X1dvZWZkQTNURlpuY2dYRGt3OTI3cmxVdkN3TlpHSTR2TEhoandpaU5tQk1hOXVQbnhBVlNBelF1d3I5TkxLUHprb0ctSUlGOV9qQ1I1R0pqU3c9PQ==
2025-08-29 21:09:42.548269,Room_1,temperature,20.96,Room_1_temp_001,Z0FBQUFBQm91djAyNy1DdWpwdUFZYU5LcVgzZWZHalpGeDVNLTQ5Q0h5MjZDbjZqRlBsVGYzQmVPR0NYc1FVajZuWU9tbXdWYzRoamQyUjZmeFlZVXZtTHJxRTBWUklKUmc9PQ==
2025-08-29 21:09:42.548269,Room_2,light,0.0,Room_2_light_001,Z0FBQUFBQm91djAyZ1BlOGYzVWthWElBUkhlRXZ4ZnNBNnlOVUdRUldNNVBHWDhjY0JDMjFxaEcwTEJKdE1EMlUwZ1UyeTdWT2dXdmJFcEZaZXpDeVdmTElleU9PNTl0RVE9PQ==
2025-08-29 21:09:42.548269,Room_2,air_quality,25.77,Room_2_air_001,Z0FBQUFBQm91djAyUWc1WHRyVnJLT3pWTXplZHV5OXdORzdKeFQzMWxtdzItRm1WWUZkMUplVjZreEQwTHdoM21oX2g2OTBxRkt6d1RwMjNWUGxZakpRQmhWdWtvVEJ4MkE9PQ==
2025-08-29 21:09:42.548269,Room_2,temperature,21.88,Room_2_temp_001,Z0FBQUFBQm91djAydmFFWUplNTNIWUdmNWpUTEJTa3hGOVkwYy12aWJueFdvV3pGZ0ZaVXhidHlycmRNUGJrd3hEWWQ1cENHcFFPaUtlVU44TElWX0VxS2l1dXJuejk5VWc9PQ==
2025-08-29 21:09:42.548269,Room_1,light,33.4,Room_1_light_001,Z0FBQUFBQm91djAyenpIZ3ota2g3WnVRWkNSdHFNVVdEZmxUYVZpYzBqTkViRGFkTG9WaU1LVm81MjlRR1ZyNXI5SnFtczl6LTdzYVp1YzhGTUUyOXI0elc1QVJWd2JBdHc9PQ==
2025-08-29 21:09:42.548269,Room_2,humidity,43.4,Room_2_humidity_001,Z0FBQUFBQm91djAyaEFoblp4a2Z6WGlrVFFyTlVNUkZJSnVaR1EwRXhpSzVKZzZhd1JEallGTnY1bmhhUEtuT2NzT2hIWTdWSThjeW9JcW9jSGJfSEg1VzRxQVNOeXRjNXc9PQ==
2025-08-29 21:09:42.548269,Room_1,motion,0.0,Room_1_motion_001,Z0FBQUFBQm91djAybjFSN2haUVhVQ25nMi14Vm1kVjVyS1hrQmtRcUY4RXptUTA5U25DdWpHNDZSSDlPT2YxODdoLS1xWXF5ZHRlcVp5MHNUU1BzNUI4UTZNa2RmcktWY2c9PQ==
2025-08-29 21:09:42.548269,Room_2,motion,0.0,Room_2_motion_001,Z0FBQUFBQm91djAyZXJqbDhVYkxJNWJPY0tXcjF4OTg5NlRKWExXdFhtTkZWTHEzYzRWMDFraC15MG9XOFBLeldCN2x1c1h0RkxXOWFkNy05dElUZm4zYy1zY0ZlU19YWWc9PQ==
2025-08-29 21:10:42.548269,Room_2,motion,1.0,Room_2_motion_001,Z0FBQUFBQm91djAyMnpyN0VGb3lTdGNxaW9oUVEtNFRIMkpBOVU2aXl5X3JtZm1SOUR1Mk5jbFluUXgxTFdVTjZjNmxra0xBTUpTMGFKa0s0Vm9yaGFhTUJRNldWTXU1WlE9PQ==
2025-08-29 21:10:42.548269,Room_1,motion,0.0,Room_1_motion_001,Z0FBQUFBQm91djAydkpPekV4RVdJajA5RjNZTWxaY0diemYyeUQwX1BWV240aW5QdmtVV3d0VmVhaVhyLW1KMzRCa3F1ejBSQXA3aUpueVI1UnNTY0V6NTlzLXcxMEhWalE9PQ==
2025-08-29 21:11:42.548269,Room_1,motion,1.0,Room_1_motion_001,Z0FBQUFBQm91djAyWm9UdXVUMEpsYzlmZENyaG5RYUxNVFBjSnFoM3RkSEUxTko2d1N3bnJyT0hIaTZ1YnlmWW84SU16RnByZHBoYklPajFyN2RSVVZzMFRiN2JSWEU0bGc9PQ==
2025-08-29 21:11:42.548269,Room_2,motion,0.0,Room_2_motion_001,Z0FBQUFBQm91djAyZ1N3N0xYWUZraDFiSVB5ekpLVjQybTJDVzNoSThvWUEyaWlIQlVvR3pPN2J1M0xxYVRXUXUzVHBjSW5RRGFTMUZjTGJ0NFk2RUZYb2pZal91cE5QLXc9PQ==
2025-08-29 21:12:42.548269,Room_1,motion,0.0,Room_1_motion_001,Z0FBQUFBQm91djAycmZXQ2o4S0l5OFBUelBhTFBPdEpIUFpBYzJWUml4amtUNEE0TWVLSHBXR2lmcjVMYk1QSUJ2XzBkY181V1JYS2ZsNzA2VTFfUjJwbmozMjMwdmZYcVE9PQ==
2025-08-29 21:12:42.548269,Room_2,motion,0.0,Room_2_motion_001,Z0FBQUFBQm91djAyREl3UTJ0dC0wN3RzMW9pWm1ESzJiTExQOW9SV3JsY2pkYktvZU5HbFphZHBpSzN5Yjh5N1pON0xTWTFOMTZ2ZV9vV09raC1UOWJvMFJ0STlXR0xKZHc9PQ==
2025-08-29 21:13:42.548269,Room_1,motion,1.0,Room_1_motion_001,Z0FBQUFBQm91djAySkxRbGU0cjVTaDNVMmFnN3Z2NXB1SVQwTUNTY2lKdHBTc25VS0w1M05YSWphQ000YUplaVR5WEg1YUZBa2hQYmhIci1hU1R0VEhMejZ6T2c3RmZCc0E9PQ==
2025-08-29 21:13:42.548269,Room_2,motion,0.0,Room_2_motion_001,Z0FBQUFBQm91djAyZXFUeTdnd1RuNnlHUmdzcTIwNEM0Q0daZHJYS2c4Nkk1MmxBNWszY0N2ZU1IMG1kRHJiRGhKaV9VWmQzb01Rd2R5NEZ4NlBKTHVEbldHU0JFRUg3YXc9PQ==
2025-08-29 21:14:42.548269,Room_1,motion,0.0,Room_1_motion_001,Z0FBQUFBQm91djAyakc1NGJYTHpkU2xIZXRkR3hUOVd5eDdCcTFlUEcybjk5b3BZR0owUC04d2dkVnJCc1FBc19DOThoTTVuMnFpbG9rVktGTXprM0V5cjNBNG91RXdhY3c9PQ==
2025-08-29 21:14:42.548269,Room_2,light,84.4,Room_2_light_001,Z0FBQUFBQm91djAycmRGcEloekd2SVd0UkQ0VVYxZkRhT0hfRVhZNHdFbDF0M19CcmVKcS1IeTlFRDJ2ZFlwY0hyY0Y3NFIxREpjekxUcjlwbFUtSTR3UUg1VHhyUjlrOGc9PQ==
2025-08-29 21:14:42.548269,Room_2,motion,0.0,Room_2_motion_001,Z0FBQUFBQm91djAyRnh3VUZPUUdEWWhQc1hFS1N1TWp5ektsRDhDNEdnMS1zVnJBV1J4WVhMQ1VMUGhWa3cxTTNuV19KbjcwWjdHbEd0Z2pKLXI1RHRvUkxaY3ZmXzlualE9PQ==
2025-08-29 21:14:42.548269,Room_1,light,87.06,Room_1_light_001,Z0FBQUFBQm91djAyRWlaLVk1SUtIcGo2aGJKU3BGRjR6VUZsVkpZal9ocFg2SUZfbEgxTnMyem8zU0ktbWR0czJaTzlZSEF6MGNHM3c3MklzTURQcTdMejMwWkJONnJDU2c9PQ==
2025-08-29 21:15:42.548269,Room_2,motion,1.0,Room_2_motion_001,Z0FBQUFBQm91djAyTkxMQ1RWSVRXc0hmUUhTZjV5dzFyRkpYRi1yOEpkVUl0c191dmNuRTJrbjAwaGFOZWIySWJNUFI0SFhCVUFRUUhtSDl3aVh0dkNJY01Za25lQ0MxY3c9PQ==
2025-08-29 21:15:42.548269,Room_1,motion,0.0,Room_1_motion_001,Z0FBQUFBQm91djAyZ0NIM1VEaXRpWGNnYm5lN250REZESTJMYnVwN0JEUmxsaVBYMHZzaXljTi1FbUNOUzdQaGlLM3VTdTF6eS1lcWRQYTFSZDR5OXdaM3RLZDJod2JZRmc9PQ==
2025-08-29 21:16:42.548269,Room_2,motion,0.0,Room_2_motion_001,Z0FBQUFBQm91djAybzBhTFpNWlZJMnNMLXRMY2VTQUhQRnJZdTV2c1o3VHpwNW1QOWptV1hqdGJKTnRWd3hRbk1tUU1FS2tXMWREVzd5WV9xeVBhN09iYUxRMDBmYVplOEE9PQ==
2025-08-29 21:16:42.548269,Room_1,motion,0.0,Room_1_motion_001,Z0FBQUFBQm91djAyNmpocTk1YThrUmwxaDh6a0dLQzlOcm0tbjZtS1VTb2pJOWVsN2dEbmJCazJLMUpQaUxPeUlKRHVQZmpyZ3lub2ZRWUVlZXdHbTd6dXhDR25xNkFCZlE9PQ==
2025-08-29 21:17:42.548269,Room_2,motion,0.0,Room_2_motion_001,Z0FBQUFBQm91djAyTkJKZGZxOXZkZUxCdDc0NFNUSnVfcnVnQmtiNjR2ZW9LMTBkR1cybDVVSTBnZlFNRHZSazF2U2V5TTYwM0VQZWh6eDZmNktsYWtLeEg5VFpMYWhzekE9PQ==
2025-08-29 21:17:42.548269,Room_1,motion,0.0,Room_1_motion_001,Z0FBQUFBQm91djAyYndJbjdlVEpSTDlFLUdSRU9jVnlISjBLM2lVSThBeEVsT2t0cDdoaF9GRTg2UzlyZDJORkxhTUtjcWFtcFVXRW9NTWpNQ3AySXo2OUJhaWg3SHczRlE9PQ==
2025-08-29 21:18:42.548269,Room_2,motion,0.0,Room_2_motion_001,Z0FBQUFBQm91djAyZFFXRUp3YnBLM0dwRC1ETVAyNGJSdUc2TUgzMFVKN3VnRkFoTy04cG5mT3pWbXpSMXBJQ1lUOXE0VUxDcU1lMVdfd1N2WW0tc0NjMU05UGhSMmR3QXc9PQ==
2025-08-29 21:18:42.548269,Room_1,motion,0.0,Room_1_motion_001,Z0FBQUFBQm91djAyMWVaS2lySzY2UFNtelYtV1RjYVZfUWYwSUd4UWR0azVIWDFHZTJSbjNkNmVLd0NETENtZnF6VnJCcjRFYl9fcVgyQlIzeWpjQUozMEFJUHRma2Mtemc9PQ==
2025-08-29 21:19:42.548269,Room_1,light,53.63,Room_1_light_001,Z0FBQUFBQm91djAyaElpVG1EcjB2NHQ0dk45UnNnY0w3eHo1VmxheE82SmtJdWYzdnpvR0M0TUt5aUMwbVJYMEJ1emNHdk5Ea3pmYzNudkgzdnR2eWRCZkZ2SHFCZm5VN0E9PQ==
2025-08-29 21:19:42.548269,Room_2,light,64.22,Room_2_light_001,Z0FBQUFBQm91djAybjRFWDRsN085aGY0ZXJrT0FxVzduWFp6U3BjZ3hPMnloWDE5QmNOanc5ZzJvT294YXNRNDl2dGFnUkVkLUxvWGhsZkFzYWhoUkVqSnJGRUhTSWpEbmc9PQ==
2025-08-29 21:19:42.548269,Room_2,motion,0.0,Room_2_motion_001,Z0FBQUFBQm91djAyZEVpcE9hZlZEMFM0UW9MQnZkcFljLWp1Z3lmOGJPUTlIYy1RXzVvRkJObFlZaWZyOS13eGJKV2xZYXhmT0ZNemp4TXZsa2FqNjQwVjNGb3gwamhNVUE9PQ==
2025-08-29 21:19:42.548269,Room_1,motion,1.0,Room_1_motion_001,Z0FBQUFBQm91djAyd3ZJbm1FNGZNdlFRR2NDdkZTckRjWFlSREpxaWNyRHItSFpsS2NUVFVIb3Z6S2FyeGVXOTlOQ2lEeERJUi0yVF9hZ1dKVVZhRUFEaTZHY0pKNm9YWlE9PQ==
2025-08-29 21:20:42.548269,Room_1,motion,0.0,Room_1_motion_001,Z0FBQUFBQm91djAyaUx0VmlqVDRlSWx2LTdEeEphaHVRZ1JjVUx4cEYzZjFLYm1mVFRpTVZMYjA0ZGMxeTEwMHJDekVHa0hYUW16TVJlVUJIb3NPc3J5dHBiRTNsdFNRMlE9PQ==
2025-08-29 21:20:42.548269,Room_2,motion,0.0,Room_2_motion_001,Z0FBQUFBQm91djAyTWlFRFBoR1hWXzYzeXk3Q1p4MXNXcFJxbTVORS1Oa3lMdi1GNkY0S05lVGRpeXVfM2ZJUmgyLWtLSGhzVzlwakEzb2lJN2Q0LTZxeDJpZzRzbzZWUEE9PQ==
2025-08-29 21:21:42.548269,Room_1,motion,0.0,Room_1_motion_001,Z0FBQUFBQm91djAydTZucngweGFTN1VwQjI3NWV5OG93LWhmNERLYlBkU2lvaDItZ0Z0R3dLTjJocFc0dkIxeW52MDdWZ2c4UDdmM1FIeUpmVXpUNXREYWtRaVFmTFpCa2c9PQ==
2025-08-29 21:21:42.548269,Room_2,motion,0.0,Room_2_motion_001,Z0FBQUFBQm91djAyOVdTNlFjM2M1Q3NjeWZkVU9yaUNsTDBzTTcyamtzVEk5cExsdV9PSDRFNEFuWXhuR3hOMmpFenFjUU5fSUk4UU9kMTNIN0JUbDZnaHhMZHVoREN4S0E9PQ==
2025-08-29 21:22:42.548269,Room_1,motion,0.0,Room_1_motion_001,Z0FBQUFBQm91djAyZnFmQTZmelQ2TUktdk1VNHJJUk9GYVRwN2piN1Iwd0xTRmpYa1JCekg0X09DX3duZ1lzZExZNHQxakNKRzhRNmxiekVINGZpdFNHekJNeGFfdUZGTXc9PQ==
2025-08-29 21:22:42.548269,Room_2,motion,0.0,Room_2_motion_001,Z0FBQUFBQm91djAyQmI5a3hBSktqNS1IVFBVQ1FIWFhHdE1zNFJaYnI5VVZRUnV0bEdNZ2FLd1hNVEhVNFRMUE1JcHRlZnR1Y1EtcEhtWGdRZVJ3UElnVVk1ZzltREpCcFE9PQ==
2025-08-29 21:23:42.548269,Room_1,motion,0.0,Room_1_motion_001,Z0FBQUFBQm91djAySW43OHVrS0hPOXRmdVRzVFNZVHZ0MEpRdW1rX0MwT1AyVkx6THNzVEYzVzFJS3pscl9VNXNjWmRpQ1RxRzMyaEVJeG5NZFdmS3ZpVjhQdDR3cnlILVE9PQ==
2025-08-29 21:23:42.548269,Room_2,motion,0.0,Room_2_motion_001,Z0FBQUFBQm91djAyQzRldDJUS2gtbzBuSmZmUUR2YU9JTkJvM09CTXJUbUhFMmQ0dzlScTlGVjNXdF9GZDN4aE9idndQMnlTNXlhMHN5czRzSGNaLS1MUFY2bE1yRUxnS1E9PQ==
2025-08-29 21:24:42.548269,Room_2,light,13.02,Room_2_light_001,Z0FBQUFBQm91djAyTWh3bDZ5ckRYTlhWZ3pZVXJYb05sOUVRc1BWVnkwUnMtSG1tZWRZSms3dEdRSW1KeDZncExFRWRLdXluQjVuaUJ6ODhMUHRLREh1ZmtiNnVHMEFUanc9PQ==
2025-08-29 21:24:42.548269,Room_2,temperature,22.0,Room_2_temp_001,Z0FBQUFBQm91djAyWkJJQ05VOTB6T2h5cHF0RUl3OXF3cV9uNlk0bFMxclkxSFFIWkl3b3pzX2E2T0RTNGRhRm5GeWF4bzlXcy12dlJDMzhEMk1NWThJMXRsSEpJS2dUUlE9PQ==
2025-08-29 21:24:42.548269,Room_1,motion,0.0,Room_1_motion_001,Z0FBQUFBQm91djAyMXRYVFBZZUFLZDdudTdZWUVDcEdCbngzNUhXYUI1YkxSM2czbnB3OFk4SEV1djlraURTTlVKLXk2YnNZX1d6S2lLcVJEUWM0eE5ZUWZTMmNkeTg2R2c9PQ==
2025-08-29 21:24:42.548269,Room_2,motion,1.0,Room_2_motion_001,Z0FBQUFBQm91djAyc2JEOWVnblFXeFJYR25UUXJjeEVncm1KUXFYMFpqR3MtRFZtdF9NbDdTb2FoTmRoWTNWTHU4VVZYclFxSUNlT0t4MXlxb3dvaHhBQjFLWUpwMU5PaXc9PQ==
2025-08-29 21:24:42.548269,Room_2,humidity,44.2,Room_2_humidity_001,Z0FBQUFBQm91djAyV2FkN2tRazdGbGVRT0dxVmV5Y2t6a2hBRlRvYTVTaEwtOW9JdWNzRFljMmllblpfaFkyeXJPQnJsUzNKZUVfcWhWQ0QwNjVkQm1ERXEwSGRfcWRfbVE9PQ==
2025-08-29 21:24:42.548269,Room_1,light,61.08,Room_1_light_001,Z0FBQUFBQm91djAybDlibDNXdDNjNDU2OGk0QnZtZjlJN2NfMXFqWW00dzZIUjctaGFyd21ZaFhWM3BiaWJHRFlDZUUyLVN6OE5KanVPemkteExSY0llYlJmNS14eVZZeXc9PQ==
2025-08-29 21:24:42.548269,Room_1,humidity,57.26,Room_1_humidity_001,Z0FBQUFBQm91djAyQ1I3X3BydmpaWm40SzFXYVVmTnV3eHBPSER6cjhzRmExUzJlOWFpUGlHNDlwaXBKUWxuRFhJOVlQMElkdFhEdFdUOTcxSS1SRWcxbGFVVWdXanNYYXc9PQ==
2025-08-29 21:24:42.548269,Room_1,temperature,19.71,Room_1_temp_001,Z0FBQUFBQm91djAyY1ctWV9vU3BaYXJKZ01xWXZkdjZSNTFMUV9vSl92V3hDSFlKMHZuWmk5enpHTFR2RVBtWVBGZEx1Zm5XN3N0Yl9nWlpwWjVqSkpmbXlYUjBXZzRDRmc9PQ==
2025-08-29 21:25:42.548269,Room_1,motion,0.0,Room_1_motion_001,Z0FBQUFBQm91djAyVHY3MjdoOWlCRmJnTGx6Z2paVS0wUFZ4WERwWnBhazZVRE1qaVVSbEp4X3V3MFdYdHlOTVU3eHM2Tm84T0lqYzVhX2JxSkRLalIxSF9LVTBoRGVjcUE9PQ==
2025-08-29 21:25:42.548269,Room_2,motion,0.0,Room_2_motion_001,Z0FBQUFBQm91djAyUXNQU281ZnB6NnNxZHIzeXFZeHJLaFpmVGNKZ3lNVnZWYTdrLWFJWGY2ajd3SE45WEZKSy1Xa3o2Zm1qdnFxRW4zd19maXlUT1E5ZDBhX3RZbE12Qmc9PQ==
2025-08-29 21:26:42.548269,Room_2,motion,0.0,Room_2_motion_001,Z0FBQUFBQm91djAyTW80TGZ0bzRXOXcwV2U0N3o1ZG50R0RQSEtoUzd0RURycmRjeVY0eEZHNV9LNGtwbXJoejctUG5oSWxGV1AteUhZb0xSbzN1dUtoeVUxUXJiajJlM1E9PQ==
2025-08-29 21:26:42.548269,Room_1,motion,1.0,Room_1_motion_001,Z0FBQUFBQm91djAyd2lCR1dNYTdRaGNIemlPWXhBc0JncU1RdFY1RkNyZmI2bW5qd2tGSk1LOW1fNDJjSWxOTF9Id3VJYUlXMlNlR0VDbWJPbGQyQng2VDlWTWRaTXpreHc9PQ==
2025-08-29 21:27:42.548269,Room_2,motion,0.0,Room_2_motion_001,Z0FBQUFBQm91djAyZEI3WkkwbVBaWUR1X3ZGLThLaFE3UTNsX2NIN1Y3Y1NxVEF0VkxVQWRNenkxeHlxdTEwY1NGd2FERXQ5a1FjRGR3RmV2ZzM4dzZ6T3JXWER0dmpkc0E9PQ==
2025-08-29 21:27:42.548269,Room_1,motion,1.0,Room_1_motion_001,Z0FBQUFBQm91djAyQU9lTDVObVBBcGt3OGhjYVk3WEJ4SmRybUZNMnVrOXpkd2RoRjFJV0JfOF9tbjlwRHNLbHRfVUg3eXkxSDU0Tzl2Q25tNlFIbjkyVmRMUm5PcXlFVnc9PQ==
2025-08-29 21:28:42.548269,Room_2,motion,0.0,Room_2_motion_001,Z0FBQUFBQm91djAyVzNYeUJHQ0FFbUlwRVVlNnMxRl9EN2RldC1ramRyd0JEbzRWZWNHVlNLR3VZNnozZDZQUlotVmxVOFMtRFkwYUtpUG5DaTZtdlN5cXNIbDQ1TDBoUWc9PQ==
2025-08-29 21:28:42.548269,Room_1,motion,0.0,Room_1_motion_001,Z0FBQUFBQm91djAyODdWTzhxRFhwVmpUNkE3ek5DR2wzV1JyT0xHN212UVVxS3NTbHZRam1udzZ5bUNrZl9CRjJfWDYycDdPSjNrazhyV1VTQ3ZSMFhZeDIya3IyX3ZCbGc9PQ==
2025-08-29 21:29:42.548269,Room_1,motion,0.0,Room_1_motion_001,Z0FBQUFBQm91djAyZnFKelVlQVBUMFZqR0djZXpBaUljdVB4Z1FrN0ozcUFyWFVQcTZtdUl1ZG41MExLWS1vOGRFbmdreFd5TnVjdjQxTG92RVdOdklxc05tM0VRay1qY3c9PQ==
2025-08-29 21:29:42.548269,Room_1,light,37.28,Room_1_light_001,Z0FBQUFBQm91djAyUnl1d0NUaXRTRGhwV0lWOGtHeHZnY1hKZDAycmpNRkZSakUyTWtHakIxM3BrUTZRUmFvRXNfMU5QMzNJajM4a281ZmEyU1Z1aHBSM0pKMW9OMTFQc0E9PQ==
2025-08-29 21:29:42.548269,Room_2,light,0.0,Room_2_light_001,Z0FBQUFBQm91djAyRzI2SFNfLTE2aTlpb1JVQTViRWZaU2RCb3VtRl9Fb0R0QzVwMkZ1a1Yxcy1JX3ZMWHhxSWZXQ0l6dWczN3FBQm0xOG41MTZLNUhoUGhKSGExRmROcWc9PQ==
2025-08-29 21:29:42.548269,Room_2,motion,1.0,Room_2_motion_001,Z0FBQUFBQm91djAySnhFVmR0aER6VzY2SU55dW1RTm1IVi16V3pKYVM4ZFpzZ1JRSHN2TjI1Z08xZ0VxeFVmMTZicHVPb2lyeVRsSWhjVkJYQVdfajlnRVJiSUlzMFJZekE9PQ==
2025-08-29 21:30:42.548269,Room_2,motion,1.0,Room_2_motion_001,Z0FBQUFBQm91djAyYS1ROUFaVDZHUUdHU2t3dDAteldVekxtakgwVjV1R3lvS1hWQ2ptdjhORVczZG8zRkJkcFM4bjhySE1fb0ZxT1RMVWNvOFAtVVpIVFE0dnplUTQwYkE9PQ==
2025-08-29 21:30:42.548269,Room_1,motion,0.0,Room_1_motion_001,Z0FBQUFBQm91djAyYlFDdzVnOFhwYlhaZVo2QkJNTTNLWkhOa2dFaEtVZHR5YndOd3hwUXBQUnAycEZMTWI3YXJnZElsUGZmeC1ranJ3cDdiQTdma3BhVW5rRE5lUW1SZWc9PQ==
2025-08-29 21:31:42.548269,Room_2,motion,0.0,Room_2_motion_001,Z0FBQUFBQm91djAybVJUdFAtYlAyb3BnRGZUV2pUaUxQb1BaWnRQQ0lrUkdIWFduaWRraFF1c0hnYUVsb3RyR0ZTQW5lTkZhenpsaE5IS21Ha0dJUzRRZEQwTzNIVVZCUkE9PQ==
2025-08-29 21:31:42.548269,Room_1,motion,1.0,Room_1_motion_001,Z0FBQUFBQm91djAyenllRGFKWU53d2ZiNkRjUmpCYWdsRWFTTlBqVzZWRG5EaUs0cXU4czhPWHpzc1U2aHhaWFZiLWdCN1hibkljV19kZTM3TFVqZjZsVkQ4QkhXWWpXeEE9PQ==
2025-08-29 21:32:42.548269,Room_1,motion,1.0,Room_1_motion_001,Z0FBQUFBQm91djAyemJwcFJZMGZTUU5EazVWbjJGdDVHM0RWSVI5QWFTNlVfTF90dW50cFpnX0JFd0xfY2NJRm5IOHJMQ01hSGZjZ25KV3lJSzhzLUhDSzlYcmFfc0lnaHc9PQ==
2025-08-29 21:32:42.548269,Room_2,motion,0.0,Room_2_motion_001,Z0FBQUFBQm91djAySmlKNW9FT1pLLXAwQzBxMUxpU0o1QmdrSUpOZWRWRUJvYzh1cEhINGhjdGRfYXFKdnR0a3d1U1lscG1nSkJXd2ZSUVI3TnhDVTR0MnZqMDJ0TVJXRXc9PQ==
2025-08-29 21:33:42.548269,Room_1,motion,0.0,Room_1_motion_001,Z0FBQUFBQm91djAyUnZrRGZRbEZ3VmtxU0h5dUMzM0dqb25HWWIzX3NTVFpHbE4zakNLdXNQMmNfVVdoemJCUS1JYzhNNVRWU0I4dEVCS2RlTEFiSDdlenZJS0xIeEY5WUE9PQ==
2025-08-29 21:33:42.548269,Room_2,motion,0.0,Room_2_motion_001,Z0FBQUFBQm91djAyalFSN0lVZUxZdHE2VWJQTnZneWxQcG5pT0hlOTJpSHFqWDVOTTBPX1kyaktrR0ppaE9KVFRYUE8zSlpJNzYwakpvcjhyY0RHMEdBcC0tLWdkN0U0U3c9PQ==
2025-08-29 21:34:42.548269,Room_2,motion,0.0,Room_2_motion_001,Z0FBQUFBQm91djAyOFVQVXgzWVhhUlFzSTlzRXltWl9tZEREZS1pbG1CT3Yxc3lscHE0QjdLTElleHh5NHp3OFg0MjgyWmNaYmkwdnlNdXZ2RXJNVFZyZTBsQWQ1UmpxVXc9PQ==
2025-08-29 21:34:42.548269,Room_1,light,81.11,Room_1_light_001,Z0FBQUFBQm91djAyS0FjaE1iS1lMdENSSkxSenFpVHJ1OFJwT09WbmM4Z1dIR2RhZ0JIU1l0a1Z4LW56UnJVQXozQU5hWUtQeTlBYnRWTFVzcFBxMmk5dnJxTmRpb2NUcmc9PQ==
2025-08-29 21:34:42.548269,Room_1,motion,0.0,Room_1_motion_001,Z0FBQUFBQm91djAycmYwTkpwY0hScUF6RnA1MDlSdlVvVGdESllQMU4xTkwtSmJQZ2NSYjIyZmdPaGNjQ1Y2eFRJdnV5THpKWVNpTnNRbnNhaVRQRWhmY1p3d2h1N3ViblE9PQ==
2025-08-29 21:34:42.548269,Room_2,light,212.4,Room_2_light_001,Z0FBQUFBQm91djAyV2JOZjlkVXU1VjFaYU9VWHJTd0NFWkpBZnczcWhtY2czMFNOU0RGVDNneW9TUEF1QlRVak1tS2dZSDM2Rm5wZGFfWTZtR0p0V2hFZkJDNkpqbXc5V3c9PQ==
2025-08-29 21:35:42.548269,Room_1,motion,1.0,Room_1_motion_001,Z0FBQUFBQm91djAyeXdxa0w3Y3hMWFhxUjZtelNXRk5Zd1NHWHUwRmt3QUtHZDFjZjVLcl9DcGQ2S1Z3X245ZGZLWWFLUDBRazAyWFdFRnlIeS1GLXdqNGhOS2NhX0o0QWc9PQ==
2025-08-29 21:35:42.548269,Room_2,motion,0.0,Room_2_motion_001,Z0FBQUFBQm91djAyVzFtWDBQWUlaMmhfZXdrX0pIZFV1bGRicUxUN3NvTEc3YW1pdmttRjZwVGQxa21ENmlfa1UtUjkza1NHM1U3di1fYV9naGtZNG1Yc25WSTUzYk9DV0E9PQ==
2025-08-29 21:36:42.548269,Room_2,motion,0.0,Room_2_motion_001,Z0FBQUFBQm91djAyTWc2UkZBeFc5Yk1fR2txRHQydlJIZjRvekZON1NscGZPcl9ma0otVG9DV3FCczkyblo5MGo0bDRUQzExTnZYS1c2NEt6U1lOVS04aTV1eGxxdVBocVE9PQ==
2025-08-29 21:36:42.548269,Room_1,motion,0.0,Room_1_motion_001,Z0FBQUFBQm91djAyaTh2cFR0eEVYY1ZTVDBVakVlODJSR0VZb1ZkSG1MRWVDeHNvZXBUM210TVRmcHF4anh5OG00R180R3UtejgtTFlSZFUwN3hmc3pRUkZXZUktR0V1VGc9PQ==
2025-08-29 21:37:42.548269,Room_2,motion,0.0,Room_2_motion_001,Z0FBQUFBQm91djAydkl1UDQzcjJPMmN2Q0tGMDBkVW1EWFZkZ295RzZjcGpReVlNelQwTzQySGtPU1VxX2tldTFWVWI4T2hnSlh0RkkyM0tyUGlBN3dpcDN4djhnV1VSUWc9PQ==
2025-08-29 21:37:42.548269,Room_1,motion,0.0,Room_1_motion_001,Z0FBQUFBQm91djAyVUFTOUFJUG5VV0pteVlJN0M4WkIwUUEyQS1raDNtaGNhVEhyemVhRElrTkhPZlIxcUxmMnlGd3FCVTVUa1A2VUkyc2xiRk41OHRpU1dMcExvNFBNR0E9PQ==
2025-08-29 21:38:42.548269,Room_1,motion,1.0,Room_1_motion_001,Z0FBQUFBQm91djAyUUl0aVJpQnlvMTdLVEVIN2dSemxJSnhSVHoyRGNpMEVjYUxMVE5vWEk2ZUZVdW01YkgyOTRLTHdSNGhmeG50eEJLbHdoQ0oyTVk4QTRsMzhKRGdQOEE9PQ==
2025-08-29 21:38:42.548269,Room_2,motion,0.0,Room_2_motion_001,Z0FBQUFBQm91djAySHhpUUZSRHpGbGJkRy1SU1hpR21mMlJDWHRUTVJlckZidDIweW9QNm1MWXRhZXlqZlFtR2psdFVITm8yYUJEUUtRTEhSWVR5M0V3am9OQWlOZ0V0QXc9PQ==
2025-08-29 21:39:42.548269,Room_2,air_quality,31.2,Room_2_air_001,Z0FBQUFBQm91djAydVY5cjlDU2I0MjhSblh0a1pJS19hWWZFRVdYd0VqVjNBV0g2VEVENW5USjl1VzdJRFBicUlTWElKNFdPeHlBUjZnUHpqUEZpQ2hOcld1VUVQTEFaWkE9PQ==
2025-08-29 21:39:42.548269,Room_2,temperature,21.55,Room_2_temp_001,Z0FBQUFBQm91djAyVWVoOUw1WGptQTBNNV9RRlJUa3pwSXJ2a3J6MEc0dXBwUW9TUC1nVDhPcWRmUnUzV2ppdmliUHVPVF8tNmRmUm1xcE1FdnFTNjZ3SHVSdXoyeWItUUE9PQ==
2025-08-29 21:39:42.548269,Room_2,light,33.6,Room_2_light_001,Z0FBQUFBQm91djAyRjlMRmtkVFVOYWZNUjdDZlVkXzhoNThVeERKRU9WZEwyWXNVOVhhUnYtYVh3WWdRWW5DSVdWWEcyMW5aemdkMmFCQTg0OGl0cWZFelhzblFxVHlnTnc9PQ==
2025-08-29 21:39:42.548269,Room_2,humidity,45.2,Room_2_humidity_001,Z0FBQUFBQm91djAyejZ5SjdlMVl2NTZIQVpiN0dtVXhKV25kR2ZSaXV1b2dvNFRxZmdwYUtHTllUMnVVbWJUODRGaDctYW1obll5bkRPUzM4YzFMcTI1dzg0RXhNV3lxMkE9PQ==
2025-08-29 21:39:42.548269,Room_1,humidity,54.51,Room_1_humidity_001,Z0FBQUFBQm91djAyMHpPYlMwTnZZOVBIU1RXR19aMkdac044cnRrRHdZVWQ5YUtkRW5icTExZTl0OXNSRFBkUEk0NkZ5LW5hRVhFQVgxSnpGeTNZUVFPTXJuVFZyeWFRQ1E9PQ==
2025-08-29 21:39:42.548269,Room_2,motion,0.0,Room_2_motion_001,Z0FBQUFBQm91djAyTnk3cHJVZnNyME45eE80OXhPZDg2WkZjazFIdU5rTURQNmtGbjB2TWF1amk3MFlUdHg3YThoWnhuZEJPQlY1ZEYtSjNOcE1sOTIxYUdCNmdNclZiM3c9PQ==
2025-08-29 21:39:42.548269,Room_1,air_quality,11.04,Room_1_air_001,Z0FBQUFBQm91djAyYWwtNlhTOFZQdnRDMlZZY2lGaEsyS09aR2hoZk5tRjNZaUR1eGxCLThVQV8wTmR2VUJCelhqbDd3aS05ZkhESkhWUXJoaGlZWjhDSDBDZUZLT3NTSXc9PQ==
2025-08-29 21:39:42.548269,Room_1,light,9.87,Room_1_light_001,Z0FBQUFBQm91djAySmJxbDY3eGRtM2tYdUFaTkVMSEw1V3NqcEhlWkpPd2RwMHVscTNKdzVLMVhHUEY4VnZ6clNlRFEyRXU1RDl3b1FENUZQRkpZdlA5TVVDbWRsOTZmLWc9PQ==
2025-08-29 21:39:42.548269,Room_1,temperature,21.07,Room_1_temp_001,Z0FBQUFBQm91djAyMUp0eEQ4WWdINHo2OWFNZkVhTzZVWFo0Y3pPUjFwRFFiTi1BOG5XOXlGR1daeWxJaWdqaGdLbk14Wmc4Z0hXTDNPTzJSVkhzU3o4SkVtWDktSFYwZlE9PQ==
2025-08-29 21:39:42.548269,Room_1,motion,0.0,Room_1_motion_001,Z0FBQUFBQm91djAyX3FvXzUtM1ltQXl6MnM2czUyMjREcWlLZmktLWdETWF0V3dKWnFhMUdSNUdsWmktSVVtQ1NGT0xGR01uUnJRRkk1WjZFaEV0TWFHcUh3Z0hqU3VDWXc9PQ==
2025-08-29 21:40:42.548269,Room_1,motion,1.0,Room_1_motion_001,Z0FBQUFBQm91djAyUnJKZzEzRmRTdXd2VmJGOUdFZGJmdlE4SXdBUnl2Y3V1Z2ZrT2QtUkZ6a29vWkxIMG1hYzc2Wkd2WEo1THJ6dUJTTHp5Q256RGItTC02bThSa2J1MlE9PQ==
2025-08-29 21:40:42.548269,Room_2,motion,0.0,Room_2_motion_001,Z0FBQUFBQm91djAyR1ZySmRDZzVNckpKbGVtZkVIeHZPemF4T2pLRFJ3QXJvMEhaYTJKZUxTTVhkdElrdkRSNGNvalpxU1dEUzJ5dF82Q3hxNWQxS3h3ZVU3LWhqT0g5NWc9PQ==
2025-08-29 21:41:42.548269,Room_1,motion,0.0,Room_1_motion_001,Z0FBQUFBQm91djAyTDhlcjZLYW9GMnlSLWMtRUNhUmNsRWhRTll3bktKZ1dUNXI0TVhjU0dvU0pzSkgyV1hEX2s3cHA3cFdJMlh2aUY1R1JBdkVWaWxYcWxBb2dmakdGY1E9PQ==
2025-08-29 21:41:42.548269,Room_2,motion,0.0,Room_2_motion_001,Z0FBQUFBQm91djAyX2UtWERXNW4tQkVHRkFaVmtsVUdEQWxseEx4X2YyVzBFdTBOSFMybjcyekFDOHRqUjgtVjRLU0NNcFotNng0dXVCajE5SGxMd2s4dUxKQkMydktnZkE9PQ==
2025-08-29 21:42:42.548269,Room_1,motion,0.0,Room_1_motion_001,Z0FBQUFBQm91djAyMGZYMFpmUVMyUHYwUHRrcVVyYWZKWHZPbkhwYi1QXzNRY1VmSWRDUzl0bVFMNjQ4MzhseTZVR3R4ckxILTJwaTUtdWo3dkNhcld1QjFxdUhsRXNJclE9PQ==
2025-08-29 21:42:42.548269,Room_2,motion,0.0,Room_2_motion_001,Z0FBQUFBQm91djAyT0Q0VTBtWkxvcU9HS1hveFZ6dGIxMHdLMGtHWlZNMHpGeDU2OU5pMzZaX0g1YUJZbjZyMWdqeVAzSG5jWWNtbUtJd0poc3B4LVVrTWs0SllWZFE4X3c9PQ==
2025-08-29 21:43:42.548269,Room_2,motion,0.0,Room_2_motion_001,Z0FBQUFBQm91djAybDRHOEtMSERzM3cxYmZ5QWo3NlVKMDM3MXo5MXAteUEycnZCV2ltWlZQUENOQkRXUVI0WnJDdHA1NUt4UHc0YVhsVlRKUXNXVEVLOFdCZnFYZGVqUnc9PQ==
2025-08-29 21:43:42.548269,Room_1,motion,0.0,Room_1_motion_001,Z0FBQUFBQm91djAyY2syRjdkN0ZSZ3ZLRUI2bWZpb1dTMFR4VTZKeldmME5najJOTnpqUTNuTElNSUZfMTFSX1JIUHZhLV8tR0NnSnZTTVh6MFpDbG9GZDRNWFpvd0Nfa0E9PQ==
2025-08-29 21:44:42.548269,Room_1,light,29.15,Room_1_light_001,Z0FBQUFBQm91djAyWjQwQmtja0YtOUNnSG1yanNUZ3hSOTJPaGs3SllVNFU3TmxzQTZFdzh0d2c2SDYzdHlYWko4ZzZsTE5oYWRJSWx5UXpxQUR4Vl9UV3ZodzNCSmgtZ3c9PQ==
2025-08-29 21:44:42.548269,Room_1,motion,0.0,Room_1_motion_001,Z0FBQUFBQm91djAyc3lEaGxpVkVZZFN1aGkzdDRsbGdGUTFnTnpoVnc1aDV3enlQVnBwQXM2YlRfUmpXaGJSZDJrSkNINWIxU1NmZHhkS041dDdHRmVhSnF2SXM2VzQtOHc9PQ==
2025-08-29 21:44:42.548269,Room_2,motion,1.0,Room_2_motion_001,Z0FBQUFBQm91djAyN0FncHh5WnFJM012cWszWTFtUDRHSHd5SGRLTDBuN0dwZnowcUJpS2g4a2tXcnY2UTVBcTBhQTZJTC1GU3pKajhuZFRxODlJS0ZZc0JZRHhtZmJMcHc9PQ==
2025-08-29 21:44:42.548269,Room_2,light,40.89,Room_2_light_001,Z0FBQUFBQm91djAyZ2lmNkpzSnh2MGdPQXNubmdua0ZwLU9yLXpGYUltSUJ3SkJxV3Zjci1PZkFLcG44Q2ZJNlVuWGtRSnN0NmJid2JlZnk0emZ5U2JwTTFUMGpIdTREVlE9PQ==
2025-08-29 21:45:42.548269,Room_2,motion,0.0,Room_2_motion_001,Z0FBQUFBQm91djAybHE3QnhwczVTdFZzMi1jTFA2ZEdBdGs0QUliempTTXJMSUhRMDdpV1l4SndMdXlyeUlLNk5pY1RpVHRReW5sOHdvR1ljX2haZFBwR3NMTXJVOVFuQ2c9PQ==
2025-08-29 21:45:42.548269,Room_1,motion,0.0,Room_1_motion_001,Z0FBQUFBQm91djAyaDN0VmJvc2J2bXBmNkZkN05GS004OFBfWkRxcFdaTU5kQnRIdlljLVRHZFh5ZjRLTWhMYjBCUHRvWlk2MjBvRGtkRlIzUVoxbmhQTmEzVUFEdkxqVVE9PQ==
2025-08-29 21:46:42.548269,Room_1,motion,1.0,Room_1_motion_001,Z0FBQUFBQm91djAyN2J4b1hUQk5iX0FyVVdBSjlfUmtRYjNNS2REdVdNQlVBSTJRc2dGazI4dXNPZVJCV0dudUtVX2laeE1vMUFJQV9KYnRQWGZWTDFmSzBuUEx6MzRtZ2c9PQ==
2025-08-29 21:46:42.548269,Room_2,motion,1.0,Room_2_motion_001,Z0FBQUFBQm91djAyWFoxNDZCS3l6ZFVfd2x2Z1BYS3Nla1RnOXBPT3pxZTZZdFdIb2tkdlM2VnBRMUpuUVlDWk91QUgyaTJ0aWR1aGRSVHJ4NVJCTVQxVERIZ011NmJqU0E9PQ==
2025-08-29 21:47:42.548269,Room_1,motion,1.0,Room_1_motion_001,Z0FBQUFBQm91djAyWXdXazA5YnlJRVRJYmRocGlCUkxYQkRKMGxlcXBXYUJlZkhfYVFhMThYN1N4VHhVWTQwTmNtdmdyU2VpYk84TENXdi1xQUNzTlY2RlE2WlZGR3VqcXc9PQ==
2025-08-29 21:47:42.548269,Room_2,motion,1.0,Room_2_motion_001,Z0FBQUFBQm91djAyd2Y1NDBKWV8zbWFjeWR2bnU2dmJuZ3BTbzB3SjVtMEduTnpzOHRlMXVOY0NTSzBIbFRlNFFFVE11Q0pLemg3emtXeFlGQUk0RWhEa0tzMW1ITUE5cGc9PQ==
2025-08-29 21:48:42.548269,Room_1,motion,0.0,Room_1_motion_001,Z0FBQUFBQm91djAyVktzb1BjQ09FdHBBcE5Gd3pyYnJabnNCSUQxQmVEaWFSSTdxQWx5Nk1tU2x3c2FGNTNDSE91SEtiTDk4M1pOTkNWN2NTWTYyRDlHZU9HQmtPZHpQU1E9PQ==
2025-08-29 21:48:42.548269,Room_2,motion,1.0,Room_2_motion_001,Z0FBQUFBQm91djAyZ3phLWt2UEotbXpGbmFLTFdUbkI0aC1reERhMVJITTBfV2Y1WVhIdDQxM3UtMmFkWjhjRFZHLXFjdGhObENLa2FWaWRzYkIxLUhVMjE2TGdCY2JKZ0E9PQ==
2025-08-29 21:49:42.548269,Room_2,motion,0.0,Room_2_motion_001,Z0FBQUFBQm91djAyVG9SZUl0M2FDMzdOZ3B3MGF5Qk53WlAyUFU2a3QtZWZMRFJjSWZ2NnFjMVdsNThpaV9zOFVsVGdRdEVPcExfX19XTXZuaTlQWU9UYWhlSTlLS0dDeWc9PQ==
2025-08-29 21:49:42.548269,Room_2,light,213.4,Room_2_light_001,Z0FBQUFBQm91djAyS2pXcmFhVjZKUV9rN2xHbWw5UGNFUEMydkthMmR4a0dPazJxd3BwWFBkSm9JZ0FmSU5BR041TWhJWGhla1RDVlUzcXdkWXQtODFnWGU1TkpzMC1EVVE9PQ==
2025-08-29 21:49:42.548269,Room_1,light,54.36,Room_1_light_001,Z0FBQUFBQm91djAyZ0xPdk1EVXE5M1dFMkhHRTRlVUNXS0NfWDdnUV9DWkdSQ29oWndUekRkcERTMlI5dGZfZFFxWGdvSE9udUdkYWZ3aFpXOWN6NHNoSmxabGx0TW1XY2c9PQ==
2025-08-29 21:49:42.548269,Room_1,motion,0.0,Room_1_motion_001,Z0FBQUFBQm91djAyWTVaeHVoYlZWSmVGaW9oeTlaRkJUVnEyN21yLXJBR0g0TmQ3Q2ZtenJnUkNWMHdVd0NGbnkzVmVXWlJuYXZzSjVCZ1ZHbnNvSklKMmxWS00xUmd1NFE9PQ==
2025-08-29 21:50:42.548269,Room_2,motion,0.0,Room_2_motion_001,Z0FBQUFBQm91djAyZjhTejBMU0pMeU1IU1hTdFNLVGpyc01xblMxYnRJdGR0VHBXcC1icG8wZHk0aHcxTUdfTWpNa2paVVdmWHAzQzBnMUh3Uk40bENfbS0xV2pRWUpLTHc9PQ==
2025-08-29 21:50:42.548269,Room_1,motion,1.0,Room_1_motion_001,Z0FBQUFBQm91djAycEFIc0hlUzZzamt0ZGNDUlphT3dDT0Q5RzRmSThrek5MQ2ZtaEpyNFVBcHZvcDdFTGRoTm4yWEYwd1IxRjNmeHowRHZGQnkzcWVseG5BcFN5WlE5Qmc9PQ==
2025-08-29 21:51:42.548269,Room_1,motion,0.0,Room_1_motion_001,Z0FBQUFBQm91djAyRlh4Vk5XS3NHeHNVUXNSWldWS1NJVWl2NTNSbHoxMUJDWmNNSGYtSnRYZTVBVWZlZ181MXBTS2V2YXFfWThnZGo4WlkyaFV6aXJUNXB0emVzNzhzNGc9PQ==
2025-08-29 21:51:42.548269,Room_2,motion,0.0,Room_2_motion_001,Z0FBQUFBQm91djAyaWV5ZWJPRXpLR0N6MjY2SW00M0MzeVdEVzhwNXQwMlQ5NXJFRW1HTGs4LTlpNFhTZmRGY2pudml3SkprOHhhV2U2OUtrbDVNY09PYW5qQ1BvalBpbVE9PQ==
2025-08-29 21:52:42.548269,Room_1,motion,0.0,Room_1_motion_001,Z0FBQUFBQm91djAyZ2E1VUJpR2JWV0pidWZvbjdaal9Qdmhjd2FWU3ZCekhwcUhEWnNlTzBXbWw2UFFISm55dFdwOWU0UEhmckoxWTFxYVRwMjZMR1VZUG8xT0xxcmZLNGc9PQ==
2025-08-29 21:52:42.548269,Room_2,motion,0.0,Room_2_motion_001,Z0FBQUFBQm91djAyeVp4YXNnbnZnaTNacEh1ZnpyMzI1WU5OcjI0X1B1WVpmc0Rwb0tnRHFkX01FRDktTmxsQXpmWHBYWjZWbU9MNG9kdzhpQWtBeXEwLS00NVJoMi1QbVE9PQ==
2025-08-29 21:53:42.548269,Room_1,motion,0.0,Room_1_motion_001,Z0FBQUFBQm91djAyN3pZWWZpcUxLWnVobkFmQzhnWVJSZ085RGZKS0J2VTg5WG5GZG9VXzVKcV9kaEhzbHlQYm9YM3ZwVHNRSHlFVnNxM2lkYVRhamJWYVZaTW9JWDJWdHc9PQ==
2025-08-29 21:53:42.548269,Room_2,motion,0.0,Room_2_motion_001,Z0FBQUFBQm91djAydGhETUxZRW1nZjlfVFJ1dzlxMU12dlVwZEtKdW9pQ0VsR0Z6V3E2STZKWjBNOEtsUEczQ1JQRy1WbW5sMkRKaUh5eUZSb2IxTVdENmMxc1diNHhkSkE9PQ==
2025-08-29 21:54:42.548269,Room_1,temperature,20.97,Room_1_temp_001,Z0FBQUFBQm91djAyM1RsT1VVeGtMZkQyVmEzT2tWdzFFMjhiY1Q1OGxKVU91dl9HdjRDYlRJWUc2dVQybTNRMHZnbTlabE83cEVrYnFPSW94TFlrc1RId0E4cGp0Nm01TEE9PQ==
2025-08-29 21:54:42.548269,Room_2,motion,0.0,Room_2_motion_001,Z0FBQUFBQm91djAybUJ5Y0IyLXEzNHBSZmxDUHg5STVCVXFqeFcwaGN1Y0QwVlpqUTVPVnVpQUtqV21rbXRJMFphLWVuUG9oeG1fdTByTDFCcXhYVXotM0c1Vk1RejhxR2c9PQ==
2025-08-29 21:54:42.548269,Room_2,light,0.0,Room_2_light_001,Z0FBQUFBQm91djAyZFl0UGtBUjdqOTZneS1xTEd2aTlINUZyUnZaRzZnTVBMaVN0YTJMV1h3dTZsNzJfaFpSYXdiMksxTE1BbUluckhUVWdtWHdIVXF1MVNQam5kZ0ZYdFE9PQ==
2025-08-29 21:54:42.548269,Room_1,light,260.95,Room_1_light_001,Z0FBQUFBQm91djAyTEdNd2N0XzBva0YzdFVYSE9rUlpuUlBrX0xjRm1GUmRubGtkazk0OUJJWDBldTlldFZmXzJyeFEwbnlaazVPRUNHUkRWMW9Vdk1mckwtV25oSVhZQ3c9PQ==
2025-08-29 21:54:42.548269,Room_1,humidity,54.9,Room_1_humidity_001,Z0FBQUFBQm91djAyY0pWMDRJNGE1WmZxUHBNYlJYWnl4akV3UGY2enZvY3Vtc0lVV09UcXBoamlxUkpYTWUwMVJaSTFTRktOMXQ2OVBhOFgxaXNsVkVtVHZrd1paTU1PR1E9PQ==
2025-08-29 21:54:42.548269,Room_2,humidity,44.08,Room_2_humidity_001,Z0FBQUFBQm91djAyY0pEdlM5ZjJuRHZhNy1xdUprRFEzQ0wwNTBhc0FSWWFOX1p3R1Nia1RNNWRxd1M0Y0dSTUlrNmtXNkpVM09Na1AzMFA4YkdxdU5NbXdzTG9nY2ZUT1E9PQ==
2025-08-29 21:54:42.548269,Room_2,temperature,21.05,Room_2_temp_001,Z0FBQUFBQm91djAyX2l5SW1pMVBhSktNSXM3QnZCWDl2VFFqT19OLU1YMlpGOUlrbWFwSjZGdXRsd1BiNjA0WWZvSjdRMWxPWDlkMkxweGZUVllqdE12QXlXUTh1TmxSN1E9PQ==
2025-08-29 21:54:42.548269,Room_1,motion,0.0,Room_1_motion_001,Z0FBQUFBQm91djAyR2RuV3lVYThvdGxqWHdBcWtvbWZGcWozdUNtODJOME12emgyQjRzaDlHYzF1Mkd4TWRKdjBrdlN0emRRYmJSUFMyYU1ucHpYemRhWGN1dHBrN1JzVUE9PQ==
2025-08-29 21:55:42.548269,Room_2,motion,0.0,Room_2_motion_001,Z0FBQUFBQm91djAyRDNSbVZQWllrV2ZuSVZPQU9SazI5ck9mQkpiU3dsWmp5UDF6cVlqV1ZiQzVUWFFXbEtfTzFfWkljLTV4WkdRem1ETDRRd2pNaVN0WDk4X2E4ajRBQ2c9PQ==
2025-08-29 21:55:42.548269,Room_1,motion,0.0,Room_1_motion_001,Z0FBQUFBQm91djAyanlKN1ZDVm5ZNFdvcFQyQ2ZDdmk0MTA3TWVZRGc0djlSSXdLdXFzU1VnSlFYMjJvTFZkdUJDYjZpSlJCZGdtNnBKWnFDdDkxQzd3akxhMXEtbGtiV1E9PQ==
2025-08-29 21:56:42.548269,Room_1,motion,0.0,Room_1_motion_001,Z0FBQUFBQm91djAyT2hIMEh0cEVuaVYxYXZRcHl5UWNSYk13NEUtT1M1aVdnam14Z3ljNTZwdENTSk5aWmIwS3FjcWV5bjhwRHg4VlE5bEhVMXNjZjlIeE4xc0RUajVjZkE9PQ==
2025-08-29 21:56:42.548269,Room_2,motion,0.0,Room_2_motion_001,Z0FBQUFBQm91djAyaTZ2Q01sYkY5QUNxU3JKUEJpUElwVWRFVmE0UUd4T3l2NTM3LTY0clVpMW9odXJ6UVJLcU9ZeXdTN2tZaF9oMWhTMkJpcUNPWWdoQTJJYnZ2YW9HR3c9PQ==
2025-08-29 21:57:42.548269,Room_1,motion,1.0,Room_1_motion_001,Z0FBQUFBQm91djAyNmc2TGxTN1lSVTh6Sy0yS2VFSFN0WEpZamdoMkNfVHNOVTJ0eXctdFZwVHo0S2N5QXQzRUo2TUNleHBDVnNKMFJZZUV1djUxTmJ5T2xWdXBWa0UtYkE9PQ==
2025-08-29 21:57:42.548269,Room_2,motion,0.0,Room_2_motion_001,Z0FBQUFBQm91djAyck5OT3F1Uk4yRHZCamg0UVcyY0pXa2t6X3BBcW41R3IxWU10UGFtbUR1NnExcHU1NUdDQnh2d3lRcmU1eWUtVDFOODJYQzM5V1FSeDYtR0NxUnhyOUE9PQ==
2025-08-29 21:58:42.548269,Room_1,motion,0.0,Room_1_motion_001,Z0FBQUFBQm91djAyV1BVV1dRYVNfT1hTN2dPM01GMVA3dHFFSkVaU244Y0dRSVpBUWh1Q05Mb0ZURUFodm9QUGZPbEZOQlV1OVhOdjFQWllIV0oyLVNWdUpIbWM4bUswRHc9PQ==
2025-08-29 21:58:42.548269,Room_2,motion,1.0,Room_2_motion_001,Z0FBQUFBQm91djAyZlRIYjNHLWk5Vjl3NnRNZmVMRzRtM2JCS1Q3dnpCQ2hqUUFqUlFVc2FSZTc3WmNQLUJtb1RPZTA0Q2hlcWdnOFYwelVNNUdad1VBcmRFWTFMYmZCemc9PQ==
2025-08-29 21:59:42.548269,Room_2,light,77.13,Room_2_light_001,Z0FBQUFBQm91djAyeTBpUEFXeHdEb3JoaFBUdEJaaHAzbHF6R2JKZFBaa0hHUnN0LXVVZUdUY3lKQzNzTnU0NlhvU01Uc1pBbkU2TFpBdldCQ2hya05yUzQ3dWdpS19oTGc9PQ==
2025-08-29 21:59:42.548269,Room_1,light,11.55,Room_1_light_001,Z0FBQUFBQm91djAyYWJrdDFCRUxFalQzc3U4dEo1aXdLcFd2Qi0xaWdPVDV5TFNycVVVMUtJRzFmNlhBdTFXdnJfVkxIZDA5b1JsQ2t6bzN1WGlTbzA4T1dZYUtBak9JRWc9PQ==
2025-08-29 21:59:42.548269,Room_1,motion,0.0,Room_1_motion_001,Z0FBQUFBQm91djAyS2hBbl9pZk5raWRhSXVBeDU1VlBWSXRBXzMwNHQ3U0U4RUhsRkxBVVVIYngyMzZNNVViVWJqcGVpUnBRMlJWaDVFekkyX1FWTGd6dFFURkd0Q01OZGc9PQ==
2025-08-29 21:59:42.548269,Room_2,motion,1.0,Room_2_motion_001,Z0FBQUFBQm91djAyOHRxUzFSdU1xMEtQSDFqY09DWktPTTNLYkhsZWcxT24tdEljNGRlX3lIS1Uwb3FOSU1LNDJ2dmRyWHVTXzF6M2lxRlloTXlBTUR0TnBnNFB2UlR1bnc9PQ==
2025-08-29 22:00:42.548269,Room_1,motion,0.0,Room_1_motion_001,Z0FBQUFBQm91djAyQmFyVjdQYmtGUmNhMXVmdE5RWGE5bEdMVzVwb2cxWHc3QXcwRGNvdnZ4SGphT2pUeTVEX3JlRHhRaW9NdkZDSUlNS0hoem42ZkgybTRQTXFoQXlDb1E9PQ==
2025-08-29 22:00:42.548269,Room_2,motion,0.0,Room_2_motion_001,Z0FBQUFBQm91djAyLW1Bc0dXT0ltVzdOalZsNXIxbTFpNWJkaGhaNVBNejdHX0Nsa3ZCaTRGNVRSbUF0N2VQLXY5Z1pqZ1NiSkU2RERlNE8zWmw2THZtSElzZ2xjNWdvM3c9PQ==
2025-08-29 22:01:42.548269,Room_1,motion,0.0,Room_1_motion_001,Z0FBQUFBQm91djAyTWhOVWJVWDA4dlNWWG1NSkVzbTVFX1JzbnRBS2dvaFN6Rk9TZ1lPbWxlMjBJNE5rQmp4RDNhOVhLb2RNU0RGYmh3RFZDV05wNlR1U0N0MW1RVzVjR2c9PQ==
2025-08-29 22:01:42.548269,Room_2,motion,0.0,Room_2_motion_001,Z0FBQUFBQm91djAySDFWeE01VktOX1VBdE1tWVlTbnpiTnRRRF9Kd2tfVHVKd0l3bklkVGVhMlRnNU9sSUtMY1laaG1meXBXR2ZNdGJuTF81QzJFZGdUQmZDZzhRZFRXTXc9PQ==
2025-08-29 22:02:42.548269,Room_1,motion,0.0,Room_1_motion_001,Z0FBQUFBQm91djAyMEc0eUpMSTZQa0dJbFUtQV81ejRMTk1leFJ2eUVFRDdJMmVWQlhtZEF1dVladXFjRnFGTUpTdGdldll4UDdHYXprM1hFSTQ5S1c1WFlBMGxNSXA5Q1E9PQ==
2025-08-29 22:02:42.548269,Room_2,motion,0.0,Room_2_motion_001,Z0FBQUFBQm91djAyNThOcEktWjRaLUtzdGdDcTd1a08xcFd4eDZhbFdKUV94cEJyZEI4VW5OY3VTVHBrSURpalpFREpudmJrZUNzbURpMUhXM051QUxQV2dscUFBR2s5TVE9PQ==
2025-08-29 22:03:42.548269,Room_1,motion,0.0,Room_1_motion_001,Z0FBQUFBQm91djAyX2F2OUtKQTRrQVp0UW9odTRYMzEtSnU1eEVsaXVMX0VyV3QzZ0tjZUlucWZkVFNBOEFIYk05a3pUcGNuNHpXbkd5UUxnZXhJQXN4dnVRTEItX2ExOHc9PQ==
2025-08-29 22:03:42.548269,Room_2,motion,0.0,Room_2_motion_001,Z0FBQUFBQm91djAyT3RFbktFbS1VQ3ZXSUZJUi12RllaNkJ0aS16Sl9jS1hITmcwR3JCLVNPMVJpNm1UVHRpVWsycjcyMzVNeFFSMzBRMGxSUzhrT1d0R2V6Q3EycnlnbUE9PQ==
2025-08-29 22:04:42.548269,Room_1,light,266.69,Room_1_light_001,Z0FBQUFBQm91djAyRnZwTGMzSGRjenBMazVOSE5PQi1Mb2d5aEM3TXJ4d1hkVFVoSEt6VzFDazlvVzhOVTZrOExEanZfSVpHUUh6UDRXZE16OXBiR0JxeDB3OW8tRHJqeGc9PQ==
2025-08-29 22:04:42.548269,Room_1,motion,0.0,Room_1_motion_001,Z0FBQUFBQm91djAyLVFDbG9PQTdXU0hWVTlZdmF6bmVBQ1hnU3FfdENkd1FmeEM3dTBLTUtYTXljZHRFZ1NrbDdUOWs3VTNjUm9kRXdjdWJFRFp1dlF3WUUySUpiMzhsVnc9PQ==
2025-08-29 22:04:42.548269,Room_2,light,7.4,Room_2_light_001,Z0FBQUFBQm91djAyenRnV2F4LUF2N2ZmNWw3TnVCQm9TLWdzMkRTQXhKWDhoNGxZOEYyY3FfTEFNbHZyRlBQZ1VnSzJxRjEyUTlzNVR3R0Ntd1BJLVlqU1hrZ2RqQ3c1c2c9PQ==
2025-08-29 22:04:42.548269,Room_2,motion,0.0,Room_2_motion_001,Z0FBQUFBQm91djAyUEloSFlHbENIQjFmVmlIY1R0NkhnTWNIbnVzMjdPMEFMQUV5TkpPYkI0SmlHTFVtTmlrVHFSZWtBRUFkOGNUZlBReGFMUWl5aEg1eS1RMmF3eExzQkE9PQ==
2025-08-29 22:05:42.548269,Room_2,motion,0.0,Room_2_motion_001,Z0FBQUFBQm91djAyOWtwN0J2dktHUlNHN0gtSFREYTN2d3lwWF84bHhPQUQxem5jRjFEYTRmMjNFTFQxQ3ZRbmRKV2kxRjZuUU41VHlWVnpreVpFcXRuTk1GczZvVkNJVVE9PQ==
2025-08-29 22:05:42.548269,Room_1,motion,0.0,Room_1_motion_001,Z0FBQUFBQm91djAyMWNIZUl3LTdlaUk0Z0cwclZzc1RGaFY5SEhNdFVXOVFFMVlNOC1rdjFQVnR3bkFzdHdqU0R6MUJXYTFYbFAwdEpzLXRhZXFrdGJnV0RCenJNYUJXMmc9PQ==
2025-08-29 22:06:42.548269,Room_2,motion,0.0,Room_2_motion_001,Z0FBQUFBQm91djAyUklSR0NPMXFTSUd6LTdOYzJlQ245UFFrRkJPMUFieGlmZ1hIb1RKUS10RjM0dVVFX2x6ZjdFaXROQjAycXNTYkxkU1pTTGVwM2x0cURUSTM5c3NYMHc9PQ==
2025-08-29 22:06:42.548269,Room_1,motion,0.0,Room_1_motion_001,Z0FBQUFBQm91djAyWlpCT2lOTTFLNmFIR0plalg0cm5LWlhtc0ZvUUROYnM3ZDNLMnVxQm95dnAtMkZrNEpqclZJbkh2UHpOUGtDLXZqYVhBQ3lfWHBOVF9WM3Flc3RkTmc9PQ==
2025-08-29 22:07:42.548269,Room_2,motion,0.0,Room_2_motion_001,Z0FBQUFBQm91djAyTXNLTW5xOVlwNUJqOThBQ2pYWkZlRlVHb1lGdks3YXRnNWZjcm1kTGprMVIyNmZZOFFZTW9tRzZrU0txZHdUbzNsYXJHLUdWemtUSms1RGY3cWMxU3c9PQ==
2025-08-29 22:07:42.548269,Room_1,motion,1.0,Room_1_motion_001,Z0FBQUFBQm91djAyR2NXUkV1aHpaam1Jdk02MGlHdW1QUDNGWWtWWEIzcFNrYWJEb1pCc1lFd1JmY0R6TFYya3ZXRkYxeGpQVlRoMFhHQnlfTXllQWxOWGNZUWlha2tId0E9PQ==
2025-08-29 22:08:42.548269,Room_2,motion,1.0,Room_2_motion_001,Z0FBQUFBQm91djAyRmpmT3A0VEJLUVVxLVcwWnVRems4YWY2Q01LX0hEeUVxTy1SRm5YdmZBTDFxa2M1VmV6eTJQOHhtSzdxai1HazU3MmtkVldCUTJtTDBNcVhpR2pSTWc9PQ==
2025-08-29 22:08:42.548269,Room_1,motion,0.0,Room_1_motion_001,Z0FBQUFBQm91djAybFgxaURHTmxFeFhuOVZaVVpTNUtWajM1QWpRSzBsZTM3c3dLX2J1UFNiZ3NtVFAxSThuU19iS1FPU2RaMDFPSmdQSTJESjFpYS1TLTRwUE5JZ2p5TEE9PQ==
2025-08-29 22:09:42.548269,Room_1,air_quality,17.73,Room_1_air_001,Z0FBQUFBQm91djAyLUZyMlg2LWtTZnk4T251RVZDaHZTSUZNLTVEWHhrdGp1dlZ6dDZVQ0J2dWpLNXhuRjVwa2w3TC03MkpNMkRxb01TZEh1djNjS3FCajFfcldoRFJpMlE9PQ==
2025-08-29 22:09:42.548269,Room_1,humidity,55.16,Room_1_humidity_001,Z0FBQUFBQm91djAyVkJzN0o3Z3lDb0hGV2dINVVQZjhIOHh2dl9DM2h1UW1kY3JiYmtfMTVBV0pZZmRlX2h6d0dRbnZNbHhCWHoxMlo3NWlXR1RUTGZta0dKTndVT0Z6Nnc9PQ==
2025-08-29 22:09:42.548269,Room_2,motion,0.0,Room_2_motion_001,Z0FBQUFBQm91djAyUk1ja0pqY0RucjlCZTBGWGlTNzRNc2I5bl9zM2Fodmdic2s0MzZoSFNNWXE0c3FJRGNxZUlwVlBMU0JjWkU0Mm02OFZEUWtPNlh0eENvZUVNTlU4bHc9PQ==
2025-08-29 22:09:42.548269,Room_1,motion,0.0,Room_1_motion_001,Z0FBQUFBQm91djAyZF83ZWZXaFR6RzJxa0VzQ2tqX095eFlMM3dMeWxCR1dwSm9iNEtmZVRQdTVobmlkZi1TZ2d4SmFBSkJ2c1ZwZ19kRFF4ZGZhVXJXYkNxc0NmdmtlTVE9PQ==
2025-08-29 22:09:42.548269,Room_1,temperature,21.02,Room_1_temp_001,Z0FBQUFBQm91djAyMnJzam10UHFVQ2FYdHhibHU3Y1VUVWRrWll6cU1UeWdsWFBjbnUyRFY5bmdoLWFObDgtQUlERHk0aFdHSC1URmYtODVXcl9QSGxYVTdUNWFQS185TlE9PQ==
2025-08-29 22:09:42.548269,Room_2,air_quality,21.55,Room_2_air_001,Z0FBQUFBQm91djAyTkpPLUx1RnI1Yld2aXI2VzBTc2NWLVdMV2d2YTc3Y0laUHA3cXZ5MHFTY2NSajgxRDFJQ0dTeS0tZ2RVTGZBZTlkdlhfb1FpZmJNY0w3eXFTTHluWnc9PQ==
2025-08-29 22:09:42.548269,Room_2,humidity,44.97,Room_2_humidity_001,Z0FBQUFBQm91djAyM3BROHBKZ2Z3Nml1cjFrUnlvTjk4clRaNlRkTVFyUDdYTTFJMTI0YmsybzN6YmZPSk9VNTBKSXhnTVdnb09ONDdjZUpRSGVCeVhnd2NNa0JFX1ZQOWc9PQ==
2025-08-29 22:09:42.548269,Room_2,temperature,21.04,Room_2_temp_001,Z0FBQUFBQm91djAyRk13RVBpdWJ6VTRLeUNHTnNYZjdzSlNnZG43N1hyd0JLQ285SUdGYU9FUlo1dGxTU1Uwb19Qb0plcnZBeGtqaE01bUFlT2tianR0OUVJZzNGVExTSHc9PQ==
2025-08-29 22:09:42.548269,Room_1,light,254.37,Room_1_light_001,Z0FBQUFBQm91djAyd0ZuRUh5VFRUZmlHd0ZxRXdqMnVORm5Rd2ZDR2xPRHRoRldQbVdqR3hLTnVjYUN6ekI5U3NpWEJzWW93WXVGNDZXQ0xnOEpMNFlsTGxyeUpiUzdzVXc9PQ==
2025-08-29 22:09:42.548269,Room_2,light,94.05,Room_2_light_001,Z0FBQUFBQm91djAySUgwOU93TXk3TE8yb3Q5THVYcXBqeS0xTGhIM3BOTEVBaVcyalJTcURIZFVVaHE0LXVPLTRoUEctOUd5UENBZ3F5Zk42UWdlaW9ETXVacXZoYXMxU0E9PQ==
2025-08-29 22:10:42.548269,Room_1,motion,0.0,Room_1_motion_001,Z0FBQUFBQm91djAyV1ZsT2IwcEt5MVZRMzNNd0xJY2kxeU52MXpqMjc2ckptZklOSFh4aDhZekt5S0NaQ0E1Y0FWUXRFTzNIT25FdWVjOGgyR3J1TXBzSWNiZUhxTExjZ2c9PQ==
2025-08-29 22:10:42.548269,Room_2,motion,0.0,Room_2_motion_001,Z0FBQUFBQm91djAyQ2ptb3NVYlR0VTZxUTRvaS0waXk3b1RBLW5BUk9TV3pPNjdzS2lnbE5lLTNPMkgxMDdNSG5ZYUFWdUFwT3Y2UEt6dGdkdF9yUHpZS0FhaXNXZks4Z3c9PQ==
2025-08-29 22:11:42.548269,Room_1,motion,0.0,Room_1_motion_001,Z0FBQUFBQm91djAyU3FYZVlQWVRnOVFSX2VIdndIQnVxQ2U2WWE4MjllVS1ockJGX21SUzVpcTNUNkFINkxtOU1GX05lYWRubHhYZW5pZlBWQVVWanF0T0FsNzBoOFB1dGc9PQ==
2025-08-29 22:11:42.548269,Room_2,motion,0.0,Room_2_motion_001,Z0FBQUFBQm91djAyV1Z1ZU1ZanNaUkNhNl9YWWd2QWNkTDJwbDN5UFR6VDVuUlV4SGpIRlVWNkV0TDUyeHowcnlKQmFfVGVUNGgtNWowaE1fNUZwVEhQcm1YYmdfdTBvSUE9PQ==
2025-08-29 22:12:42.548269,Room_1,motion,0.0,Room_1_motion_001,Z0FBQUFBQm91djAyN05IYmVzRlBQSzFWQkdka3ZNNEdGTTNKeVkwd0JQQWVyZTU5ckRhYVlFRHF1MnRsQmdIdFdRcEpjbndFa3F0SlpmeWp3TVZsZ09YRjJ1azh0ZzlBMXc9PQ==
2025-08-29 22:12:42.548269,Room_2,motion,0.0,Room_2_motion_001,Z0FBQUFBQm91djAydGFYV01vQmhMM2p6a0RyeU1zTFdXNE9Ja2tQWmdaSG8zZUtfMUtINWhBelpNM2pxekhOUXVCWXlfQTVhYXpFUXZ3R3Fnc2RYUFh5aHVTM2hzTDBkN0E9PQ==
2025-08-29 22:13:42.548269,Room_1,motion,0.0,Room_1_motion_001,Z0FBQUFBQm91djAyTjQ1cmZsdmdjU1dRQVA2eS03QWlzc0EyT3pOSUlnUGgySTROSFp0QW9KaE8yaGlWZk1OdTVqNjF2SXRmZHNiX29NVDJOOWRDR3prVG9QSnRuZlVXU3c9PQ==
2025-08-29 22:13:42.548269,Room_2,motion,1.0,Room_2_motion_001,Z0FBQUFBQm91djAyZDdfMllScTVfSm85enpHUlpqWGJNYjY1ZHRoTWpMTk9ZY0ZmN3lNc1N3dGpIb2NXQk1OTWM0OUF6QnVLMmpWYV9RQ2VWRHVFVkFia0p4eFpXelkyVUE9PQ==
2025-08-29 22:14:42.548269,Room_2,light,247.66,Room_2_light_001,Z0FBQUFBQm91djAyamdQSkxQSDRUYXAyTXdKTVozMzFnQW9ROGZrVXlDelVBMEZHcGc1WTNiZFN5b2t4QlFjUzA4Tl9iejJZTWxxeThrNkREOEttWGoxYTVmVERqaU03d2c9PQ==
2025-08-29 22:14:42.548269,Room_2,motion,1.0,Room_2_motion_001,Z0FBQUFBQm91djAyY2pWbk1LWXVSb1pDTnNZcWtlMDAyY2dKcWFqZkJibjJkSGNoQTV5OUR1d3VoaUNHMi1UR3JQY29RdDRnQUhmQWlhUEh2bEl4M1ZUamRGRkRWYjBmTlE9PQ==
2025-08-29 22:14:42.548269,Room_1,light,89.69,Room_1_light_001,Z0FBQUFBQm91djAyVHJDTHZ5ZXVjdkNlV0d3dWRoclRXZFVxZjVDT0RBYThpTnByM0ZmbmdSSklObG9NdTdMalhFOGVaX0pObGlYN3N4N2lBR2dGVHk4ZHdKWThqRmpTbGc9PQ==
2025-08-29 22:14:42.548269,Room_1,motion,0.0,Room_1_motion_001,Z0FBQUFBQm91djAydVVKdnQ3QmcxY1l0cHFJbmlWMF9Qai01TlZPeEkyMkt1MnBzWWtqY3JzV25wT0twTnU0N0ZWQkxjT0kxejlRNVpYMVNQZkJsaWZBRnhPaGREeWVDRFE9PQ==
2025-08-29 22:15:42.548269,Room_1,motion,1.0,Room_1_motion_001,Z0FBQUFBQm91djAyLXQ4bENrQU1QbXB6V2xlWlNEWUtlOUZmenI5NFFOVnZoZTlxY3lYREV6WWNiWXE1eVA4YlJTdVJ3WUlDMHpKczlIMS05T3R5QWZGQkxsLU1qU0NRTFE9PQ==
2025-08-29 22:15:42.548269,Room_2,motion,1.0,Room_2_motion_001,Z0FBQUFBQm91djAyZGhlLW5KS2daZFhHOTBrbUU4X0l4Yk13X2g1TkNCRWFCaVM3NjFacmNTektkbmNoM0tIcDY4UEYzWGNmQzhJVHY1cVlGVGtOaDRyek5mZlRFZm1YaEE9PQ==
2025-08-29 22:16:42.548269,Room_1,motion,1.0,Room_1_motion_001,Z0FBQUFBQm91djAyZFBtS1J6R0t5MVJOVjBDTlhRbU9zVm96T0MyNjRQblZTcjd4ZVNzY0N4MGxod2tqNmlsY2VrblZrMUk1MWZHbnc3bUpLaElJSGFQSHFuQW4xM0lXOVE9PQ==
2025-08-29 22:16:42.548269,Room_2,motion,1.0,Room_2_motion_001,Z0FBQUFBQm91djAyZHpybDRXRjBtRExwZThiR0Q0dFoyeHZRUGZFN1RDdnZPNF9LT0YwXy1EdUFiT1RDYm1WUzJ2cDY3RU5fcGlMX2NhcGpGQk50TG5Pb2xzd2FiT2xuZUE9PQ==
2025-08-29 22:17:42.548269,Room_1,motion,0.0,Room_1_motion_001,Z0FBQUFBQm91djAyYTVVTU1JYzJPUGg3WmhjeHhlaEY5NmZJa0VONHdHMTB5ZEJUcGRhbE91YXhlM1JsOElhRDVKNkswQWM2b3RlWGlvRlJwdS1lMUhyTFhtUC1NUGY5UkE9PQ==
2025-08-29 22:17:42.548269,Room_2,motion,0.0,Room_2_motion_001,Z0FBQUFBQm91djAyaTV1bl9jZ3hBMnZ4NENYaVdKWUN5Yk0wZkhZWThSam81ZHpwWWNTUzk3RHZZOGwzWnZ0RV9mYmJUbURPN1RMU2pDUmF4eUlSY2tMZTdCMUpnVDFKTVE9PQ==
2025-08-29 22:18:42.548269,Room_1,motion,0.0,Room_1_motion_001,Z0FBQUFBQm91djAybkhnTS0xVTFLWDd1NTlEVFYyR0ZueDJQRXNBT3BUNHYwQ3ZtWDRNZTl1WDd5bWgxQjQxOEY4SnE1dlhxTlJaelZjM2hGaVB1dHduZk9RaDBvcnV3SWc9PQ==
2025-08-29 22:18:42.548269,Room_2,motion,0.0,Room_2_motion_001,Z0FBQUFBQm91djAyVS0ySEN3NUFoMTBUV25XRXduQW5NYTExVlpBX3Z3VnVMZHNlV2FLTU44LWdEWmRPUGwxZ0gxcTRHYXJRUzFTTURYZXQ4cjVaY0IyVHVGTWVXQVJBbUE9PQ==
2025-08-29 22:19:42.548269,Room_2,motion,0.0,Room_2_motion_001,Z0FBQUFBQm91djAyQzJGdVVxaDlaQU9Xa2JhVUhHUWF0T2xYUThCSWVyV1FqRlY2VW1xMVd4MHdVT1hFYXNZQWozV3d1ZUQtSkVnbDRoZTlPbFByZGhqWjVwR0k0a1Ixd3c9PQ==
2025-08-29 22:19:42.548269,Room_1,motion,0.0,Room_1_motion_001,Z0FBQUFBQm91djAyOUJiRGtEd1c0R2NXOGJVcW9xbHd1XzRpZG9lZ0NRM3Bndkh5dGJrTTZnTExWc2tBdHZsQjRVaXlmNkl0SDFyX0Y1NGk2VVF6Nk5QZ291LVI1ZENoUlE9PQ==
2025-08-29 22:19:42.548269,Room_2,light,48.83,Room_2_light_001,Z0FBQUFBQm91djAyeVdxei1Bcjd6YlJZRF9OY2t2NzkxOXhTdzVrZ2dmaGpTdGE3SnBxZ2FlNzYzMzUzYzZrcUNmOXB6TXotVWlKN0QxQW94cUdnTnQ1cWdmVzFKMWZxWHc9PQ==
2025-08-29 22:19:42.548269,Room_1,light,40.31,Room_1_light_001,Z0FBQUFBQm91djAyT2VyNFBIb19iOHp6ZGdoblBMNWVvX2s5dVViclpHNG0tbDJDaGJDTDhwalR2bUNuZlNoNGtLUHhXQTBSekN6WHRSV3FXZ3VlNHNvY2dGQWJUbTZfb0E9PQ==
2025-08-29 22:20:42.548269,Room_2,motion,1.0,Room_2_motion_001,Z0FBQUFBQm91djAyZW5HS25yQV9pcHlzVlphcGtUYmdBWEVkd2JZRWxwc3dmRm96X3lxOWhkb01SdkdfYlhTcjU2Rk9CcHlPWnpoUzBUX3hzdGQ3cDJFRzZ4dFVSeDhkM1E9PQ==
2025-08-29 22:20:42.548269,Room_1,motion,0.0,Room_1_motion_001,Z0FBQUFBQm91djAyMmVJeENBdktwajVIQnBVZGotVFBuQ2ZPNkg2cVRYNk1LNXhBd1FGX3RTWFBDN3Ztc0Z6MnRicm1wZ3A2eWRDODNzMmRhQW92RlUyOTFubXR6bEtSLWc9PQ==
2025-08-29 22:21:42.548269,Room_2,motion,1.0,Room_2_motion_001,Z0FBQUFBQm91djAySXFOUlFvVTItcFZLbFNyUnM1ZFd4X2Q0UjZ1MUpKckFMVldhUjdpd2kySlNWRlkxWUIyVzkyMmh4bW9OSzBLNG5FWU9xQml2TWdWdThmVk82VkFIWUE9PQ==
2025-08-29 22:21:42.548269,Room_1,motion,0.0,Room_1_motion_001,Z0FBQUFBQm91djAyVHg5RUNscGhJMm1VdUZ3NUl1Wk9GRGM2am9qaUo3X0stMFg0UFlESVNlT3UtS0ZrUmszOVB2bS1LanVpUklaNEFxNVlzNVJXWmw2Q1dwQk5WeUZQLVE9PQ==
2025-08-29 22:22:42.548269,Room_2,motion,0.0,Room_2_motion_001,Z0FBQUFBQm91djAyTmpuVkF0Q2NzUy1yRjNod0dJNmd3S1pPUzZNQUU4QnJiaEF6M0N5dGloRmEwSWxwWEtWTDBBZVdIb20wd000OUwtYnVEZUY5R1NSQ0Z2cVVRSWlYdUE9PQ==
2025-08-29 22:22:42.548269,Room_1,motion,1.0,Room_1_motion_001,Z0FBQUFBQm91djAyM2xOaElYNWZacEh2MFZtMEhZVEcwQjQtWVE1YUp6a292eEhxS2Q4RXFRQlpMZlJKTXpfV2V1dGdibXhidkhMRUIyLV96LU5PeC03X0lXZV9sZFZvT0E9PQ==
2025-08-29 22:23:42.548269,Room_1,motion,0.0,Room_1_motion_001,Z0FBQUFBQm91djAyazFNQ3F2OTMzOFU3dm5RZU1GYzBMVUxGQUZkTTJpZUh5dFVQRFQzZEN6T1lKcDhCRmhLZE4yelNRWloyS0V1OVhJQktrR0RLNHkxcVZvczNPLUlsNlE9PQ==
2025-08-29 22:23:42.548269,Room_2,motion,0.0,Room_2_motion_001,Z0FBQUFBQm91djAyazBuazBNdmtqbHlZUGhiSGtGTUljQ2s3bkt4QlRmUmVrNnIzU0JhU1RlTE9FTThRSW5ON1lncks3bzBnY2x0LWg4dTNLV29ESF9lc1FFMnhCeHJudXc9PQ==
2025-08-29 22:24:42.548269,Room_2,humidity,44.4,Room_2_humidity_001,Z0FBQUFBQm91djAybFBNY2x3OTAxeVdwOHZvWUxtRFpnbGhUTks4TDVKNGUwNWpIREduOS1teVRfZzZtNzZ1Y3RHUHZ0LUhPbUNqenJkaFdVa2x4N1FlRXgxSzZncEpLWmc9PQ==
2025-08-29 22:24:42.548269,Room_1,motion,0.0,Room_1_motion_001,Z0FBQUFBQm91djAyZlo5SlhXWWRCZzM3c2FxaTItdWdISmVlakhfTjVZVnY5c0QyeFQ5cDNXdXppeWRIMzg3UTExQ05GdW92Ym56T1A2OHNhWFN3WllDSDJ4R1M3alNRR0E9PQ==
2025-08-29 22:24:42.548269,Room_1,light,58.32,Room_1_light_001,Z0FBQUFBQm91djAybE9RVERZb0djZElfZHdfa3NTT05sTVI0YnlYYXJldmMtWlRxQ0U0R0hkVVpWcFJXaGdQYm9rRnpTWXVibkhzMTBxa0tISjh0WVpWQmVKWUZYSV9uT3c9PQ==
2025-08-29 22:24:42.548269,Room_2,temperature,21.84,Room_2_temp_001,Z0FBQUFBQm91djAycmtGUVRhalJZU1JYUW4tSi1BeVhQcnRCejZ0dFVrd0x2MmxwVDJwS2hvSHIwVFRLTGVnMC10bWF5QVNCeHluRm4xSUhZeEVuNUFHczZxYkFsUXZyV1E9PQ==
2025-08-29 22:24:42.548269,Room_2,light,9.56,Room_2_light_001,Z0FBQUFBQm91djAyTENYUjBCRUNXMlN4LVVVYTJuejlEYjd1ckEzWFZFajE2VmdEQ21ienZvUVliVVR6c19vdkp6OWhEY2VzcUNHZDM1eTNpWDBlVzRRNlU4dG1GYVYycUE9PQ==
2025-08-29 22:24:42.548269,Room_1,temperature,20.0,Room_1_temp_001,Z0FBQUFBQm91djAyWXN5aWZRclhqX3RlQ2FIU1Ffcks0N2hrMjNNdVdtRFdBNVhzeFRscFZWcEVyTDdUM1h3VHRUMHpXZGVSV0hfRlZveDNSWUtaVnRRa1YwVTBtdXJJc2c9PQ==
2025-08-29 22:24:42.548269,Room_1,humidity,55.53,Room_1_humidity_001,Z0FBQUFBQm91djAyYlFBQ3BGV0ZLY3ZYNzh5N0lMLUZfa3Y2OHNVOUlFQXo5NWZoLWxZMXl0VEwzYk14SWFLQnNCQUxwTl9kOXRTUlVESW02Ykl2QVl0dWpYRDNpa1d4VXc9PQ==
2025-08-29 22:24:42.548269,Room_2,motion,0.0,Room_2_motion_001,Z0FBQUFBQm91djAyMExmVWlBOE9LS0dmZDRBMEdTSkd4S2dJeEUwcE5zM3NLdHFOMVNmNVF3bnZsS29sRF9DZVZFeGNNbWdjT0J3OVRubXNYQWVZRXVFdTRVWHBiZXRpbVE9PQ==
2025-08-29 22:25:42.548269,Room_2,motion,1.0,Room_2_motion_001,Z0FBQUFBQm91djAyWXZYbFkxaUVoQXdFMHYyU0VSY2pBSlZyTnlFQXV1Z2dGWTNaMC1QYWs3U3hJMzBDSGp6WFV6V0hnQ2pwUk4zTzBJMXJFT0xWZlNQWGpPLU9TVXM5RlE9PQ==
2025-08-29 22:25:42.548269,Room_1,motion,0.0,Room_1_motion_001,Z0FBQUFBQm91djAyN2pya0Rqa1FxRWVGUlVkR2JCX1FDYURnc3hPU2dlXzZxc3VSb0NrcjNVMXNQTlNpX1B6SlVEckdXeEpGZmd1aDdfMEJNNERqX2p3aXJHdnAzLWh4OVE9PQ==
2025-08-29 22:26:42.548269,Room_2,motion,0.0,Room_2_motion_001,Z0FBQUFBQm91djAyQ1ozSEVWdmxwYnYtdURaYUI1TlhRRDZGZlZkbXF2LV8wcXR6NFNQLUp2c0JfLXhpVDRYbFc1d2w4T1Q3aEZPQU1qT1ctTHF5enpNSnVCRnRWR0tNSlE9PQ==
2025-08-29 22:26:42.548269,Room_1,motion,0.0,Room_1_motion_001,Z0FBQUFBQm91djAyRXZPRlE4dTkxZ1k1N2ZtdE5WVXhZNFJjb3dxZkdndWRMRVlTMUpwX3VRTlpqZkRYRjJ2U3BqWjlUaHRsUWcwQldkQkY0WGN4SmF3Z0hadXJzMjlfTVE9PQ==
2025-08-29 22:27:42.548269,Room_1,motion,0.0,Room_1_motion_001,Z0FBQUFBQm91djAyMHJ0TkJLNXBrMW5udkpqVjdKbmZUa3hCUWNCSTZ4aUxRN0ViczlTR0hmWjhpZnZKamRNdTMwbWRwVFNSNlRkT1dUV3ZqTS1jcDRQV0hlWFAtal9HakE9PQ==
2025-08-29 22:27:42.548269,Room_2,motion,0.0,Room_2_motion_001,Z0FBQUFBQm91djAyWjlESldxU3hvUzZRRXk4b3NHLWtBbzdaQm9nMVJ2STduc3FXSVREWlAxVjFUdlYwRnJBUXVJQjVteGlSZUQyLURodk9iNXg4dHZpdDBoSFlOVXRySGc9PQ==
2025-08-29 22:28:42.548269,Room_1,motion,1.0,Room_1_motion_001,Z0FBQUFBQm91djAyeTdicDRRb0UyZjYtSUxkQ1U3QnBFd1plQ0NZNFF1OUxyVGJWc0FFQmoyX3N1a280Wk1DcGl2bGQ3czJqT1JWdmNIdnkxNkpEOXh6Z0hVYW0tYUMyS2c9PQ==
2025-08-29 22:28:42.548269,Room_2,motion,0.0,Room_2_motion_001,Z0FBQUFBQm91djAyUC1mbDNfd21LZFdEQWVUNjlDUWlNMkhPZXJ2eUFVeEhnV2xTM0hhTUp3bmhvNnFmR2hXNVp4UWdhN3FtUDE3MUhKMzJNN0N1aHRLT2RkV0NVNTZRUkE9PQ==
2025-08-29 22:29:42.548269,Room_2,motion,1.0,Room_2_motion_001,Z0FBQUFBQm91djAyWGFMNXEzOVAweHV3clgweVpXX2VNZVE5QmdxX3hyX09UQTNsOUJid2xSRFhicWlPQXhDakxxNFhpYmQzVmI5b1E0cWJicUdTaFhPS0NSUjFHODkzR1E9PQ==
2025-08-29 22:29:42.548269,Room_1,light,49.72,Room_1_light_001,Z0FBQUFBQm91djAyMzctaW82M3BCUWtGTld0cDNtajJfTTJ6TmJKNHhMYjhvZEpxYXhOVHplU2ItMTlTUld1bDFzelRUVUotS042NU5CWkk3b2FEVnhWQ2RaYUNSaXZKR1E9PQ==
2025-08-29 22:29:42.548269,Room_2,light,288.88,Room_2_light_001,Z0FBQUFBQm91djAyYy1oNG1UNldBQjZ5OUc0aGloQXBLeG1ldUZwd3RSUVlKQkl0WkM5bUpQRlBzWkEwbW5BVjk0UjdjQ2FmWHQ1UWo5blI3VWRvdTZYTkhOXzBRZ2ppVXc9PQ==
2025-08-29 22:29:42.548269,Room_1,motion,0.0,Room_1_motion_001,Z0FBQUFBQm91djAyZzctRFV5Q1l0b2tubzFVTy1rNnBEaThnSDJPVkhSOFVtaUF0RktTZDdQUkJDc0RBcFk5NmdtQnBzUmdEZjJBc2MzQkc3WS1qOU9CVGgyT3ZtdkpyUVE9PQ==
2025-08-29 22:30:42.548269,Room_2,motion,1.0,Room_2_motion_001,Z0FBQUFBQm91djAyWUdra2VKbWNJaUlmY1U5ZF9mUTgzczNaLUdwSjhZcnI3Tm9mOEJLLVZTSjJibTIxcjAtWlhlbENYNm8yMkg4VzBHQnNZME1IMkwzTDQ1TVUwRGx5Q3c9PQ==
2025-08-29 22:30:42.548269,Room_1,motion,1.0,Room_1_motion_001,Z0FBQUFBQm91djAyd3pYMm96dmxjSHRSWFFHRGRZT3N5Q044S3BBQjExbjlDSWVlcDYwVlloektDSW9Pd0lNUUxnTWp1b1NpcXdoSkNFWE01NU9MdU82WTBJVndZZ05HLVE9PQ==
2025-08-29 22:31:42.548269,Room_2,motion,0.0,Room_2_motion_001,Z0FBQUFBQm91djAyTmhma3liRHZvYWZ1N3F4ZGJUSEh3TFhGaDByQjhPNFhoUUphQW5YQXpKMWVqZmFPWlFuUDF0NUtwRHVHSkZtMXBsV0lQcXFYZjlQOG45UTE2bFVJeXc9PQ==
2025-08-29 22:31:42.548269,Room_1,motion,0.0,Room_1_motion_001,Z0FBQUFBQm91djAyUXFsN0FPRjFOT2lwSnFaMGpVNkhxTk9JdTNEOUhHMS03Skg3ajlmTk9va2VNblVpRGppMHU3ckljRHp1cnJTQm56bmVESC1KRU8ycXlYbldGZE9YVXc9PQ==
2025-08-29 22:32:42.548269,Room_2,motion,0.0,Room_2_motion_001,Z0FBQUFBQm91djAyS2cxa2ZONlVpQTdLMlp4OXJaVExjRVhORVV5ZlZlWDcyUktfV0ZaTTV1WVBWS0FiVW9hemRaNDZwalRZR1htQkZSVlU1cGo0UnUxZ1NSRFdmWHR2RUE9PQ==
2025-08-29 22:32:42.548269,Room_1,motion,0.0,Room_1_motion_001,Z0FBQUFBQm91djAyOGtDVENYSjlVbmwteUt3SGswQmhubTRIQTNtOGhfYW0teU4ydEJ2bFBibi0xczJlb0JPdmNvN2VhcUZGb2taa09pemJDUXhBMFpfZFpTNExXdXJWV1E9PQ==
2025-08-29 22:33:42.548269,Room_2,motion,0.0,Room_2_motion_001,Z0FBQUFBQm91djAySlRoR1I1bFZDRTlIeWJObUhtOEFOSDZLd1J2UFRTVlhaRTdyZm1VdWZqR054a2tudEZzbUNicTZWUXVuZlhIcFJvb2JrZ1ZKS3NCSkR0enpQN29Zd1E9PQ==
2025-08-29 22:33:42.548269,Room_1,motion,0.0,Room_1_motion_001,Z0FBQUFBQm91djAyeW11SkRhSFZISUNERGlUTGRCNU1oYW8zazl4amw4R0pDdzFhZ1d1UGViOGx4cU9nTDU3RVNjSVZWa1daRW9hdVlQYnVHenU3RUlTVGE0c0lIa19hbFE9PQ==
2025-08-29 22:34:42.548269,Room_1,motion,0.0,Room_1_motion_001,Z0FBQUFBQm91djAydXNORmczdHBydFNNNVRldVBjVU1nUXhlN0tsU0lucDRTMjVmRkVFRmdIbWJZODVIV1BybHdzRGNQdE90UDJidkJ0Uk5BMnBXUlZZdndwX2JHM0huaEE9PQ==
2025-08-29 22:34:42.548269,Room_2,light,97.19,Room_2_light_001,Z0FBQUFBQm91djAyYzRURktfZjNEQ21mVFNIS2xnQ3RISTNVRnZtcTBhbWNYQXIzSmE0azg0aDRsLThTckVpRDVEbG1IVjZmR2dYQUZjbmk4M0dIYXp2cDNROEdNYVBmZ1E9PQ==
2025-08-29 22:34:42.548269,Room_2,motion,0.0,Room_2_motion_001,Z0FBQUFBQm91djAyR0hqT2pWZDNhSERTbEhWOUt3akRBUlVVVEViR3FkZDROOEx4Q29TTmd3WUpIby1VNkhwbVFXdGs4STN4cjI1N0ZjUTF0cjZsY2owQkdfTlFUNWR6Wnc9PQ==
2025-08-29 22:34:42.548269,Room_1,light,93.93,Room_1_light_001,Z0FBQUFBQm91djAyS1BiTk40ZHF5bWNWUEFlTlZrMFFnS2JYVzdWb1BheEN1Z2RGSktscnJRencySzg5aEJhQVhaTjRYbFR5eU9PWjd6em9TT3BKcVd3UDJaeG1mRmVueHc9PQ==
2025-08-29 22:35:42.548269,Room_2,motion,0.0,Room_2_motion_001,Z0FBQUFBQm91djAyc2JYVURETVhINGp0NjJRTWltZWhvTl8wWEJWSjhmRTFhelhrVWloak1IN3g5SDVlbHVoRmdFd2NWT1l4ZnhXMUhyMF9ybElfQXlwaW81c0tPdkcxU0E9PQ==
2025-08-29 22:35:42.548269,Room_1,motion,0.0,Room_1_motion_001,Z0FBQUFBQm91djAyQW9haGNXaldqQzk3ZlRYQWY1dm04a3k1cUVnOGV1N3U0dDRXc0Vyc0dQc1ZmQWFacWwwa3JLcTBJb2taMVhleXRWUC1HR3ctMHhaejVfNklfbm51M1E9PQ==
2025-08-29 22:36:42.548269,Room_1,motion,0.0,Room_1_motion_001,Z0FBQUFBQm91djAydDc1N0FZMTEwQkhEQmJEeGxuUFZrU0ZYcGZ2LUVCV0ZRczAyMVQxVjhkOHdreG50VTlYeTdhbjdFSzd4SW9uS0ZjWGh1Z1d5T2JDLUV6YnFTZ2NTMEE9PQ==
2025-08-29 22:36:42.548269,Room_2,motion,0.0,Room_2_motion_001,Z0FBQUFBQm91djAyR1hsTlFnSWJXV01FbXVKVW1jcVRSS3B6MlV6SGNwa0NEV183ejVNc0FDSFBRTlA4MnoxOVJTWWQ5ZE44ZU04QkU5LWFzVHNYcm9rQi1aMXl1Y2Ezbmc9PQ==
2025-08-29 22:37:42.548269,Room_1,motion,0.0,Room_1_motion_001,Z0FBQUFBQm91djAyRkgxTXE3VnlPemduYldIdG9NU0JOa0xYenBoXzlQRkhCU0dCZnpLY3drNndyM1RFLW5uMlBQWXZsenJoMmlraVVIR2tuVFJ0ZUN6eEcxVHZwY1RyN0E9PQ==
2025-08-29 22:37:42.548269,Room_2,motion,0.0,Room_2_motion_001,Z0FBQUFBQm91djAyc1pfVWU5QUZKb3E4RTh5cHBoTk5CdVc2Tko3WkNZa2p3MzZaSzcwSjYtVFNWUWlTeUxrazJuQW9LVE1NSlFEc25ZYmtuUDNlTzJmOHFfamppTmJOLUE9PQ==
2025-08-29 22:38:42.548269,Room_1,motion,0.0,Room_1_motion_001,Z0FBQUFBQm91djAyS3BGel9xQkJISFJOaHJQdl9UbldkZDl6MlhsME96N3BPcUI5UUlUUTBKUW9yRWNuSEV0QV82eTV6YTJudVRCS29nSm5NWkVvQl81ZmRLMVVWSVo0aEE9PQ==
2025-08-29 22:38:42.548269,Room_2,motion,0.0,Room_2_motion_001,Z0FBQUFBQm91djAyZnFVUFNTemItN3Qzc1pqdW5WYVl4X09pVE9qV1Zhei16WWZBTTNjSXRBamprRkVtaWxMMmVuNUNRSmFmaDN1N0Y5TU5ITUp0LVR1bmUtbFlCLTVoNHc9PQ==
2025-08-29 22:39:42.548269,Room_1,motion,0.0,Room_1_motion_001,Z0FBQUFBQm91djAySERWajE4bm5vMjdLS1F0Znp3SGhmQ0hTdDI5M19zZm9NcnMzal9BYmRraUlyNmd0dDRKM0FiV2ZIbGQxM1pINzdhaHBvSmtKbXBROUZkMHgxcXo5RVE9PQ==
2025-08-29 22:39:42.548269,Room_1,humidity,57.92,Room_1_humidity_001,Z0FBQUFBQm91djAyOWY3eFBzczRfN0kzWm5SekszT0RvME5IdTJvdWhJN1V2b0h4a084SzBKWHkxUTJEOWZLQW5YN3RVcmc5QWxISkltQjNNZXQyZjQwN3psQmN0c3oxLXc9PQ==
2025-08-29 22:39:42.548269,Room_1,temperature,20.99,Room_1_temp_001,Z0FBQUFBQm91djAyV0RUeFlLdlRmOFdiNldiODhGSVp4YUJGdUdjMnhyMU9NQkZYS0NwQnAza19qWDBoWTJGTXhuS195QzVOMjg1OHYzdmVPdlN1Z010eW00VHlJb2FVLXc9PQ==
2025-08-29 22:39:42.548269,Room_2,light,80.25,Room_2_light_001,Z0FBQUFBQm91djAyZFdpTVUxMmJkZzF1c2hvWXhxdmJnNXlNdnBPelc1QlBDR0NaRERZeUs0UzRORVdsdmgxT3JEZURQMTgzMHJ2TDJPdGhDd1pMNWNLU3RNQTkxby1ubkE9PQ==
2025-08-29 22:39:42.548269,Room_1,light,46.6,Room_1_light_001,Z0FBQUFBQm91djAyeW5PdmVLcUk2dXZrbEN4cEF2TGo4RG9RaEVCVXc0Q0JJblM0ekpzM1phSmd3QThaTVZUcWFFekhpSGp2cTV6bFpsVFR1RGtoaUYwUnFsZWJRTm1VREE9PQ==
2025-08-29 22:39:42.548269,Room_2,temperature,20.92,Room_2_temp_001,Z0FBQUFBQm91djAyLWFuZEFTRnFqcEVOZnNtbzZqbm9sMnpZSDhlUWlHMFQweUYxT2NtY0tWWkVYaU5Qeld0OFJHTkZkekYzQ05zTkRKWlV3Znh2QzhGUDdVWm1Pc0xRdkE9PQ==
2025-08-29 22:39:42.548269,Room_2,humidity,46.15,Room_2_humidity_001,Z0FBQUFBQm91djAyT0tnb3JfZzdMNEJJWU91cGZuWUZLNnBQMko3eXlPSUp0UThsY3dVVjZwOUFzYk5zZ0g2cjk5QW56dzk2dlFmWWNjMVV0VTNVcWJwdWpTNmVLOWZobXc9PQ==
2025-08-29 22:39:42.548269,Room_2,air_quality,25.98,Room_2_air_001,Z0FBQUFBQm91djAyYkcxTV9WRUJWWWpfTG1VTFlTOWtQSG54TlNNMkhyRzVYdjcweFllSm14ZWxDTENHU3AzQ0hrTzBxeDlXd2NMTzRRbXBWWUxNNU91T3ZRQXE5VVpjTnc9PQ==
2025-08-29 22:39:42.548269,Room_2,motion,0.0,Room_2_motion_001,Z0FBQUFBQm91djAyODg1UWE2aGIxYmxKOWNQNlY3LUhyZndmVW0zdm8xNEdJbkRORkFKdU9iSVNfVS1tR2JNZ0cxWWVwc1U3c3RiYm1CNU1WOUY0SGt0OEhKbWhxcVJsNGc9PQ==
2025-08-29 22:39:42.548269,Room_1,air_quality,12.16,Room_1_air_001,Z0FBQUFBQm91djAyY3lyVC0wT2Z6aklRczMwN1JvVVd6ZFdYeVFCYW1GMUo1dUVWOVpYaXhvRkNlQl9GdUw4aUMwaDltRzF0emhVSU5rTUNLUEZqMGRkRGVqcVU3VVpyRGc9PQ==
2025-08-29 22:40:42.548269,Room_2,motion,1.0,Room_2_motion_001,Z0FBQUFBQm91djAyYmNya2FzaFA5aUZFQXVWVTVmaldmemNUeXdXcWc4YS1qY1VqcGhndlJ3MGJpVEpFVU01UGNDb0UtLWh6MUk1dnV2VWg0M2N4VnpCOUhaamFIbHdteWc9PQ==
2025-08-29 22:40:42.548269,Room_1,motion,0.0,Room_1_motion_001,Z0FBQUFBQm91djAyd2tRYnpmQVJRXzV0SnB4Sno4ZUJGVEhuU1hxWmVtTThfaUhiNXpYOXRfdXEzOWdTTzBVNEJkbE5aVEhQa0sxcGo5QWhleDh5X0FPRnJpRHhlUDZhNkE9PQ==
2025-08-29 22:41:42.548269,Room_2,motion,0.0,Room_2_motion_001,Z0FBQUFBQm91djAyRmhMc09aSENTS3RfeXBXRVJHV01qcXVtaW1GUTZqLVVHWVlMYTlYLU5wQ2tub2VOTUFkaUZ2MXlfSWdwYXNudU5KQWJtS3lsamJJTTI4Z2NGbUYyN3c9PQ==
2025-08-29 22:41:42.548269,Room_1,motion,0.0,Room_1_motion_001,Z0FBQUFBQm91djAyNUJlWVJRcVdkTjFGWF81V21mRU1oeWdfdmZqb0dQaHREcFR1QW9hbHFKc3R3YjBOOXlQWC16YzJ0OHExdDRWdHBKdjFFSDVTY1ItRmk1NFhHcjFTN2c9PQ==
2025-08-29 22:42:42.548269,Room_2,motion,0.0,Room_2_motion_001,Z0FBQUFBQm91djAyTDZmUTM4aGotd0pRY1hkS2hsVzB6eVJWdzdCMGJ0dVhIa1Q0bjdqcXRZT1M1d2VjOFBXZ3RyQmpmcnlHYlBMeWpsTHU4ZU9icjMyRFc4ZTd5XzBFNEE9PQ==
2025-08-29 22:42:42.548269,Room_1,motion,1.0,Room_1_motion_001,Z0FBQUFBQm91djAyTmR6Q01UMTZIUU1VQk96TVkzc3VVSnl1SElFZl8yRzVQTFozazVfZ0RkVlgyZjkyZmJfYTFRWE5XLUIwaGJUNkNuS1U1UnBaQzNBMjZTVzBhSkcyc1E9PQ==
2025-08-29 22:43:42.548269,Room_2,motion,0.0,Room_2_motion_001,Z0FBQUFBQm91djAyVVItQVh2NG8tbDd2cFZtN0NzdTJ1bEFQZUg2MnBqVXEtdE5JbTA0VU5TN3NTS3lxZFR1dHdwNjlkS1ZfUnBBeVBaRFlhVDBWNmZaU0NJSHc3d0s2ZUE9PQ==
2025-08-29 22:43:42.548269,Room_1,motion,0.0,Room_1_motion_001,Z0FBQUFBQm91djAydGdiTTlMeTRLZTYtQTQ5RE5ibVJJQ1NXYjQ3dUxGYjlkcXRMZmFQOEE5WHBJQWkwRG5wTzA0Mk1PNkxCbFY4dkFNVEQxN0E5Um9DekNJamFpZHhLSnc9PQ==
2025-08-29 22:44:42.548269,Room_2,motion,1.0,Room_2_motion_001,Z0FBQUFBQm91djAyMFNEQ0xna3AzZ2ljOE1HMXp3ZVNPZ29yczBqLWV3ZDRfVFFjTUVzYXM2TGdHaFhCWW5QNGFpcktHU3JCdmhFYlZfY3FtZjh0a1EtNHd5N3ZHVHdSU3c9PQ==
2025-08-29 22:44:42.548269,Room_2,light,24.71,Room_2_light_001,Z0FBQUFBQm91djAyZDRDc0JydlRSRXRxQXZLbkhXVVQtZnhRbS14TE85VHd4NlY5bWtuVDhjaW5kbU92LXFLTVlacnJiNVRwdVVaLVVQQTA0NnkyTk5FWjBYcnlJYXI4TGc9PQ==
2025-08-29 22:44:42.548269,Room_1,motion,0.0,Room_1_motion_001,Z0FBQUFBQm91djAyNTBpU21aSHc0aDdad2VjNHdWSE9XTk9Tc1V3T3I0SGFaSjJjUjNMZG1OeFlrUGlwd3NCNlhsdWRCMDU3Y2F5VE5BNGZxN0dMN093QkM5LUFzLUZPdnc9PQ==
2025-08-29 22:44:42.548269,Room_1,light,216.11,Room_1_light_001,Z0FBQUFBQm91djAySEdVSXlmQi1jRzRjdlBtOVNreWNUalFMV3E1QTdaVEoxWUZMQkRXZS1OeWZRVGk0eWkwM1F4dmtfZEs3cklkWGpnSFJQT0RobHdzRkNKblB5QU93WWc9PQ==
2025-08-29 22:45:42.548269,Room_2,motion,1.0,Room_2_motion_001,Z0FBQUFBQm91djAydjlnZjF6TGROV3U0UFJoZ09qV2Q1Rng2OGEwZ0p1NFZzMTVJazd4UVpWN01RMGtKU2gyeHppa1NfT1EwMTkxMkxManh5dmZ0NlVpX2JWS0xZV3ZxMGc9PQ==
2025-08-29 22:45:42.548269,Room_1,motion,1.0,Room_1_motion_001,Z0FBQUFBQm91djAySzU1MmhabWYwOEJrUm5RSHVFWjFTOUpvUDVpWVZaNEw3RC1id0gtRnpMWWNoMGJWM19qaGd6bGkyREFia2dXMVpVTTd2T2xlWDFFd0hYYnBweXdUaFE9PQ==
2025-08-29 22:46:42.548269,Room_1,motion,1.0,Room_1_motion_001,Z0FBQUFBQm91djAyVjRmZmJ1dmdsbnllUXFydG5lQ0dVOUpLOTExaXYzdlRhTFo4SzVxdkduVmpTbE9ud2pZNVNTdWxVdEswN0tSMHRBdkxfZlJBb2xsb18yb3A3UWpxb1E9PQ==
2025-08-29 22:46:42.548269,Room_2,motion,0.0,Room_2_motion_001,Z0FBQUFBQm91djAyZmd0VUprUTc2QVlHRWg5RHdnVGVhX2ptUEg1N3pMekFhZHJQcEpyYkVoYWRia1JZem16X2xEdTk1RXVGZFFEMVFUYmM2ZHJRamxzNnpsSkRfb2dqU0E9PQ==
2025-08-29 22:47:42.548269,Room_2,motion,1.0,Room_2_motion_001,Z0FBQUFBQm91djAyc2xuZl9GZE5LTmgwWlBDT1NnMTZ0YXdleGd3dC1GZUpXVTZublk1MUpmbm9Fb1R3Y2VSRXBGQXctREtQYUUybGZQeHRuNUtLQXZqXzlDZFBZa2M2Z1E9PQ==
2025-08-29 22:47:42.548269,Room_1,motion,0.0,Room_1_motion_001,Z0FBQUFBQm91djAyUlFfOHR0OG5GQ3Q2aXNpZDZqaXFQQjdYZzBEbUFUQU5vY3ppa3plX1BGVUloODJrT0drWnphZzRNODY4OGNPeTJmdWIyQTZQcmttejc0N2Vtc2VrbWc9PQ==
2025-08-29 22:48:42.548269,Room_1,motion,0.0,Room_1_motion_001,Z0FBQUFBQm91djAyaTZEQi04VkVrdUdjUlpKX3NrdTF6dXVETEVzS2VNM0dzVTJtSEhVNzVhandMYktZVG1jNDIybXlFdGM1VE5XaGNLZDlKbjU4QTdNcmt3anN0a2oyTlE9PQ==
2025-08-29 22:48:42.548269,Room_2,motion,0.0,Room_2_motion_001,Z0FBQUFBQm91djAyaXRDeEFYN1ZQYjdtOW03NExfV1NnT2hOemQzb3A5RVFjYTgwZ0xjLWhNQ2dsRlNqMFVZSWRLMkRaX0NVcFNYRXlmVkkzdkRYNlNQZWx6WFFDRjFPU1E9PQ==
2025-08-29 22:49:42.548269,Room_2,motion,0.0,Room_2_motion_001,Z0FBQUFBQm91djAyQ1FPcHpicHM4d053eFpvelA5NFFtelB5b2ZyOFdLQlJVLWVKRklVY2ZDT1I1N0NNcG1GSlBaVF9RMDB2WEh3RkYtYkVURmpYcV85NnoySy1ubkEyOHc9PQ==
2025-08-29 22:49:42.548269,Room_1,light,246.4,Room_1_light_001,Z0FBQUFBQm91djAyQXh5TzFmcHQ3WW5wR0YwV2I1YzctZ3FGblY4cG82cnBmcHVFMG1ZNkJiZWl5S1d0Yld3OXZ0NkJHRWVaVktuZVpORXduYzlqcXdHS2s0bEhvWWNvZVE9PQ==
2025-08-29 22:49:42.548269,Room_1,motion,0.0,Room_1_motion_001,Z0FBQUFBQm91djAyaUlMWHF3dUVrcmtWY19IeWh1RzEwalZpZnJNcXR2aUNVY2RYUVhvV3FGODE0ZUprZXVXR19wSXppaXVnOFJPXy1DeDNwNkFsOFcycGlQMG9BR280WGc9PQ==
2025-08-29 22:49:42.548269,Room_2,light,0.0,Room_2_light_001,Z0FBQUFBQm91djAyR0c5RENlUFNTOUVndVRxZDlSczBNb0g4VFRqQW9PU1doTzR5Z2Mydjg1cnlzZkxTN3Zial9OM1ViZW9XVXpWNm1CN0Z3X0ljcEdHTHRqcGlqOVVKdnc9PQ==
2025-08-29 22:50:42.548269,Room_2,motion,0.0,Room_2_motion_001,Z0FBQUFBQm91djAyTUEtLTJOa2VFRURMcWx4WkFleHdILVo3MG5BWjNHLTBwZFRCZ2NPREtENC1MSk05WUZuUjRfc01zV3BxMTNmUXlIRVRma3RWTHEzSC0tRzcyRDJKNUE9PQ==
2025-08-29 22:50:42.548269,Room_1,motion,0.0,Room_1_motion_001,Z0FBQUFBQm91djAyX1pieWNLWVhNRFB6ZDUzajdnbmR2VHRyQ0R4cVF5Z1UtU29XME9vc2w1Q0sxRmMybGMxMFlCc1ZKLTNIQ29ZSk1LeUVLWVROcTF0d2RVZDFrWTFYeXc9PQ==
2025-08-29 22:51:42.548269,Room_2,motion,0.0,Room_2_motion_001,Z0FBQUFBQm91djAybEJRTzJ6ZmtMYnNxcWJjeUJVU190SlVnRkFFalB6SmtBUlNyT0pOeHY1MG9kY055NkNQa0RXVnE4Q1hUTXk1alV0U2Jabjh3SzBXdWhrakV3QjZxWlE9PQ==
2025-08-29 22:51:42.548269,Room_1,motion,0.0,Room_1_motion_001,Z0FBQUFBQm91djAyYVItRnZ1Y0VRQTkxMFQxZWgxTUd3OE0wOVJZaFpkZGtrejk1TkZFbS1yODAxWlVNblBWTk93YjgxMVMyV0NfQmZBRE5fOFo0ekE1TUd3Q3otMUMyWXc9PQ==
2025-08-29 22:52:42.548269,Room_2,motion,0.0,Room_2_motion_001,Z0FBQUFBQm91djAyYjVoUGRwbTNTMWJZQ3FHX015UVpGR3liUDNxWUdrQlRiNlNfcUpidXFJSmxmMHlySFBGYmowdTVPM1Y3VkhGSE5DREZKVTRzWk12aG5WOWIwVFhzbXc9PQ==
2025-08-29 22:52:42.548269,Room_1,motion,1.0,Room_1_motion_001,Z0FBQUFBQm91djAyY29xZkVGS3FKNWlSRUstNkcwbnBnQS1fRzRubS1zcmxSbUtsRmNfSVRURFdUZFBQOG9fcjk5YkRlQ2dRWVVYQkszUXE0bGNlREJGT1lLUGlXc2ZVTlE9PQ==
2025-08-29 22:53:42.548269,Room_1,motion,0.0,Room_1_motion_001,Z0FBQUFBQm91djAyX0k5bUNPTWpKX0MxZXdHclpydy1Tb2ctdS1iLV9rbzBYY3o4OEo4WF9kOFpsT3Vid21EWDd0TGo3M0ROQkdyLVBYbklKTi0zV1pYX2M1SFgzRWl1Unc9PQ==
2025-08-29 22:53:42.548269,Room_2,motion,0.0,Room_2_motion_001,Z0FBQUFBQm91djAyVTVFMlVGaktJR1hGbHAtd2R5NmVuMEZXWXFiS1ZzcUVnd1JGMkJyNXo5cGRvQkJHbFBUUXlPY21RZjA1TWVwWFlqc09zbGdlc1h0Ujk4T01mejNMekE9PQ==
2025-08-29 22:54:42.548269,Room_1,temperature,21.2,Room_1_temp_001,Z0FBQUFBQm91djAyRmR5UnJmMkRtQm9MLUZEUmMwcmt4RG5iOUZWc0pnZ0xGRVgxSFNhMGg3XzV0QWRyZjZ5bC1sN3k0NTlWV2o0U0JwMWtQOG9MbGFTNzRxWTVkaF9GbGc9PQ==
2025-08-29 22:54:42.548269,Room_2,motion,1.0,Room_2_motion_001,Z0FBQUFBQm91djAySnhoY1piRXVIZDhrNEZVRS1zbDFpa0xBRHdCdXYydTZlTWJDZjhSSE42WnFUUjVuTmxkakRiMnhzZGRqNHNDbTdmYXg0d2EtbGViUHJMRzljNmQxaVE9PQ==
2025-08-29 22:54:42.548269,Room_1,light,219.29,Room_1_light_001,Z0FBQUFBQm91djAyYTl3ZS1vQ2t3REpJUnFWMTdRZUk3dEVHS3E5dE1ZcVpBT1NoWTFNSmRYZXd0R0U3VzZPSVlkOFdwS3hkbFNfY1FwMU9tSVlzY25DcFRhTVhTUjB3V3c9PQ==
2025-08-29 22:54:42.548269,Room_2,light,207.84,Room_2_light_001,Z0FBQUFBQm91djAyY29JUEozT0ctWHNBM1BZeXRxc0p4R0dzYWpTYXV1T1RiV1lEVV9GUlR3TVdtZFc1U0tMcGltM2JzY0VBSlFNc1FhazJxNEM0NEpHV3pfRlMyU3BtSlE9PQ==
2025-08-29 22:54:42.548269,Room_1,humidity,55.05,Room_1_humidity_001,Z0FBQUFBQm91djAyd3FjSFFZRUIzVFBFdHpXQVR6U0VyS1FzdHdSZVRycDVteHc4SEFNTWFiQmNKRXE5SGhEeWEzRE4tdkJyeUVqY1AyWDRvQWliVnE2Znl5Ty1UOFBabHc9PQ==
2025-08-29 22:54:42.548269,Room_2,temperature,21.14,Room_2_temp_001,Z0FBQUFBQm91djAyTkw0aV9mWjRaOTg5ckZ6aVdZNnpmYXowN0RRMFdfRkhhNkpBUEhLZi1ZdEoyQk85QzI5YmFuS2ZDR3c2ckZJeUJycktFMTc1RHZ1SGRMaGVfLUpCY3c9PQ==
2025-08-29 22:54:42.548269,Room_2,humidity,44.13,Room_2_humidity_001,Z0FBQUFBQm91djAyamUyTkFIN1hIWGJSQnRkbEM3YzBXQ3pWT2Z2TVBzdndBQXNVZ2NvazhVbldzTkkyTzBWN3pnZHljakw0aEtEMjhqdjFucW1NQW01b1V6Z2pFTERpS1E9PQ==
2025-08-29 22:54:42.548269,Room_1,motion,0.0,Room_1_motion_001,Z0FBQUFBQm91djAycUdTdFR3SlBaNEZfUllmdjZyS3hRbWJ0blNvQmZ1VWhxSV9LazBfVFlxSl9fZVBjVEQ1MGtDTDNvVUxuNzJHWG9kczdacjI0cHVPTFpjVHkwZWNNTmc9PQ==
2025-08-29 22:55:42.548269,Room_2,motion,0.0,Room_2_motion_001,Z0FBQUFBQm91djAyNW8xY3VMSWs4ZURsZ282Y3ZHZHJRLTdiQTRObjIwYTVNZWU2LXd6VURCbmpXRTBzVWlyWHV0OGhXc1ZTZVlONHItVXJrZnloLUxSRURMTVpjNjl2R0E9PQ==
2025-08-29 22:55:42.548269,Room_1,motion,0.0,Room_1_motion_001,Z0FBQUFBQm91djAyNFlqbnBXRUUxOWFyYjQ1Ym5ydWdOcWdvbDVXYnJOOVpLR2YtOHpGUk9yS0JMYjJPSHQzeWdMeTZLM3l1SkNWSUpPNG82MnZJZWhWUWw3aFVRTDdYS1E9PQ==
2025-08-29 22:56:42.548269,Room_2,motion,0.0,Room_2_motion_001,Z0FBQUFBQm91djAyam5HWlJzY0diZG5ab2VnakNqSjJFU2tzZ0NVS0QtLXpIalNRWWs5U29jTzkxczdreVNpMWoxWEdDMzhnSXUySXFmRTRKQjNoRDFwMEtoRFVQbEdUa3c9PQ==
2025-08-29 22:56:42.548269,Room_1,motion,1.0,Room_1_motion_001,Z0FBQUFBQm91djAyY01YNml2eEVCNlhra2Z6REloVERWVGNmWDdTTzl6TkRtajFiekN4MW5aSDZGRW1LNzhHZDJPakdqM3FTRFd6cFF3VkNBS0VFdGIxc2FPb1NHRFJUY2c9PQ==
2025-08-29 22:57:42.548269,Room_2,motion,0.0,Room_2_motion_001,Z0FBQUFBQm91djAyZ3hoLWFhZnZJei1IMkV1dm96Rk9FbzktbmFreHJ1YURRTW9rU3lOdGZ4UVVoQ3RmVEt3QkxRdFhRM1U0X2d1NEtpdENTVGd0Mll5dTd4YVQzOEhTUlE9PQ==
2025-08-29 22:57:42.548269,Room_1,motion,1.0,Room_1_motion_001,Z0FBQUFBQm91djAyeF9PLTlrVmcwZ0ZJYzZBcmZ3c3RvXzlGT0dwUnpueTU2eEVrQnFMU0NnU1dhWnlMUW84bW1DSXgza0JSUEx4NUNJZXI5b0pvV05PaU9wQktPMnA3V3c9PQ==
2025-08-29 22:58:42.548269,Room_2,motion,0.0,Room_2_motion_001,Z0FBQUFBQm91djAyTlgtWjhIeFNGTVgxMnM4R2VzR2I1cENlMmE5bEw4b2szN0plVVN5dU1kT1VGTWQ5RXNFc0dKVnBYc0ZiOVRQaElNSWRsT1J2RFVadmlTdHI5N0NtbFE9PQ==
2025-08-29 22:58:42.548269,Room_1,motion,1.0,Room_1_motion_001,Z0FBQUFBQm91djAyZGRVYVQ0YnFyVnlrcktRRkZ6NjhJV1hVQUtGbkI5VG14dTZBMWZkQWJXWHBRUE00SkVqbFVBdXhtZ2NVeUdwYl9WM2xQRzZMUEowVDBfR05vVTgzdkE9PQ==
2025-08-29 22:59:42.548269,Room_2,light,24.29,Room_2_light_001,Z0FBQUFBQm91djAybDFiZl9FUDVJbkgwZmEtZk85TEJGcUs2OEtCSHBfd3lXMzA1d0tDOWFObHhTcmp0ZTVzbGJkZzNmU1A3U3dwQ0Y4M1JXSk9LVHlFdHJ2bGVHUmRLcGc9PQ==
2025-08-29 22:59:42.548269,Room_1,light,30.47,Room_1_light_001,Z0FBQUFBQm91djAyQzc4MlNLRVRiYkZtTlJRLW1CRGpvcTR4UEFSTWhZbG5NdWJQNDhrSGcxWUNIUVBPUXdzTXdCWFY3d1NUc1dsSkMyanZ6VWU2NGxzX2tqOW43TU40RlE9PQ==
2025-08-29 22:59:42.548269,Room_1,motion,0.0,Room_1_motion_001,Z0FBQUFBQm91djAyNDF6dHRYOXA1c0hUUHFjVjFNd2NOeE9jY01ELThmR19oZ2pCdFlLV3N2NGJUOHFBVzJwWXc3YThOWGVEU1Iwa1pqZUo3dmVuUUUyTWUzSUY0UUtvZmc9PQ==
2025-08-29 22:59:42.548269,Room_2,motion,0.0,Room_2_motion_001,Z0FBQUFBQm91djAycUV3UXJkTHNyMzBfbFFxbk9SVDNIcTJKWGtYQWxwOWFJVHY0bk1pQUhHWFRSZkwzNXF1Vk1lZEFGc1lOSUpyOHpsd09McmVpNjJmZjV4YTFGdGxhTnc9PQ==
2025-08-29 23:00:42.548269,Room_1,motion,0.0,Room_1_motion_001,Z0FBQUFBQm91djAyZU5LeE9zWmxrWExlalR2X1NUZTM4cG1MSDEtWmw4OTJkMGZmVFRodGo4RjZOSThPemhXck83MjN3c1BiaDUzTnppOXRCbnNvRFpBTHdtMVkyQnd1WEE9PQ==
2025-08-29 23:00:42.548269,Room_2,motion,0.0,Room_2_motion_001,Z0FBQUFBQm91djAyZ0owS3Mzbkl0MW5lMWQ2OWM0ejVmWlZJOTdfZXBQWGtiN3NWQmpMZnF1NVZxS1FaNjRpbTBNemdldFdaQzVySnhYcnZKejlRaGJrM2dsczcxMEhmTmc9PQ==
2025-08-29 23:01:42.548269,Room_1,motion,0.0,Room_1_motion_001,Z0FBQUFBQm91djAyQ25Cc0NodWpCSzBqWTFXaF9RTzRXcU9CM0VJVlBUU0dfR2twbDF4WmY4dnVGZElyZFJ3UHVyZDlVMlp4WHdpV2JmTkNYdk9yMDhUNGRpNHV4QmxJcmc9PQ==
2025-08-29 23:01:42.548269,Room_2,motion,0.0,Room_2_motion_001,Z0FBQUFBQm91djAyZHVMMm16d3VoZUpFOURPSXpmMmQxRTlHWjBCVlVhalY2V3VRV3lWamREQ0tibG5GNkxLQ1NGM0tWUENMMjBsaTNLMDBPbm1PSm96WDg5dGhDVEJhblE9PQ==
2025-08-29 23:02:42.548269,Room_1,motion,0.0,Room_1_motion_001,Z0FBQUFBQm91djAyamp1ODAwbW5qYzByYklzVm5PR3pCcjNNYUFxQWdkS2tMemEwOTI5N2xJek44MjltZ1hNaVFDcDhWRzBPdV9BZVFvc0xjaTMxTERJMjZZU3lZbm9tbHc9PQ==
2025-08-29 23:02:42.548269,Room_2,motion,0.0,Room_2_motion_001,Z0FBQUFBQm91djAyUjFJX2FLRlVXZzNGYkw4XzVyZl9EM05HQmh2Q1hRQW1ZY0NxcU1uOGd5MzNObWUwSUpVVUhJTnBiY0pERTVlR2h1Rm1iLWVMWGtuMEJOZVcxZ0FWZlE9PQ==
2025-08-29 23:03:42.548269,Room_1,motion,0.0,Room_1_motion_001,Z0FBQUFBQm91djAyQnNfWURFQng5OEtsbjlxTmE2ZnZpT0hqUVZ5X1E0OHY4N0p3NUlDeWVHQWg5QVJSdEs5SkpWZnh0aW9CMlc0LS11QzVrZkUtTDZnMEpuYlhXYTV5Q1E9PQ==
2025-08-29 23:03:42.548269,Room_2,motion,0.0,Room_2_motion_001,Z0FBQUFBQm91djAydjVOTlphaEV3RVRDb0o3MlN4ZHdta1ZWS2xaRWlyNnRIYTRyUUdBTVoydGxnTGZfa1dNbzE3X1YzMXlKUzAxS2NwbzY1WXNJa0g4RXZhRExkMXdSUVE9PQ==
2025-08-29 23:04:42.548269,Room_1,light,21.06,Room_1_light_001,Z0FBQUFBQm91djAyTTZSdTVHQTJwVXJvRlV6NnhMamlERVh6Nm5vR1F6ek94M0NjdjR3a0k2VjN0ZHFpV2Fja1M5LUZWM3JXTnBpZ1pwYjJJN2tIUnRzc2FFS1JfVmNYMHc9PQ==
2025-08-29 23:04:42.548269,Room_1,motion,0.0,Room_1_motion_001,Z0FBQUFBQm91djAyNnd2VTJuRVE0RTJRNHNNN1cyN3J4LXNJUXdhemN2TVkxd3NxenFBTEM0ZVEyN3REUndHUjBQVmNoZVR6dHJZc2VYY1Y5SlJ1SldXM1FZaHdvaGVRTUE9PQ==
2025-08-29 23:04:42.548269,Room_2,light,251.85,Room_2_light_001,Z0FBQUFBQm91djAyc0tBOHEwWlo2d0o2aW5TbGxVS2N0NjNaYWwxczBLbmlXM1NoSWdxSzE1akxZNkc5VHdXWEZITlAwdmhKMzIxN0JIeVJyY2JURHo3M2x4QU9yMnllQUE9PQ==
2025-08-29 23:04:42.548269,Room_2,motion,0.0,Room_2_motion_001,Z0FBQUFBQm91djAyVHNkUjEzbXloeGNIMzdUamQ1QmdKZDc1WlEzX1hUTEFPNlIzMmg1T0lkSUNIWEljNHBWMm9tQWItb2djY2xzQ2JMTkxvN1EzYlBuYTl5RHpRbkRmc1E9PQ==
2025-08-29 23:05:42.548269,Room_1,motion,0.0,Room_1_motion_001,Z0FBQUFBQm91djAydWwybjI4Z2x1QmdnV2w5eDFzV1NpaFhvUkZ2VjZybXlTT0xQTmY4NHNBajZ1RkdsYklvUTNXTWJMWTFIcGlKNXNLa0JfYTRnekJxTG5KQlFKWkwyZVE9PQ==
2025-08-29 23:05:42.548269,Room_2,motion,0.0,Room_2_motion_001,Z0FBQUFBQm91djAyc3hyMWE0QWFsSUF1eWNwclhWMkwzeG9jSEUtZjlfSi0tZ2VoQXYwaU5OY0p0eEZGRDliVlZIZy1WLUlKVk9RTE8tVER6a0k4WVRKWnE4YnQ1c0liQlE9PQ==
2025-08-29 23:06:42.548269,Room_1,motion,0.0,Room_1_motion_001,Z0FBQUFBQm91djAycnp5dlhKa1RSZkNQZGp5dllGTDYzck1zYURYaTFHR2o0WkpqOHMzaDRmZTk5cVZQODcwZlgwRndWeEU5TnVwNTBzNjMtU1FEamtfMmtLQms1eDNBVnc9PQ==
2025-08-29 23:06:42.548269,Room_2,motion,1.0,Room_2_motion_001,Z0FBQUFBQm91djAycUp4cldocGtxOVMyRDBPdFZVOWMtcXN6QUljb3dhSTd0SFVjOEx0Nlc0c2p2aU5peVBtNkQzcWF3cFV4Zi0tWDNRT1dXWVJ0Um5RajNJZmhpZ095a1E9PQ==
2025-08-29 23:07:42.548269,Room_2,motion,0.0,Room_2_motion_001,Z0FBQUFBQm91djAySVBkZnNXc29ManZCQWo4NDNYNlQzeEJ0SWFOcEo0QzRJTjVOUXJaM19KY3h6VDIxcTlqd3RVZERjR0I4QlVSLUpyT3d4UjZhc2w5RGgwOEFLUnZEbFE9PQ==
2025-08-29 23:07:42.548269,Room_1,motion,0.0,Room_1_motion_001,Z0FBQUFBQm91djAyeHdTaVFmUW83LWpBbXEzVVlIRXBsanlmZW5LOG84Rk9kREZZVkRXU3RwY0dYa29QOWNqUlNtbWRNblJmRjBNUVRTMk5tZmNveml0cHAwYm5mYzlhRXc9PQ==
2025-08-29 23:08:42.548269,Room_2,motion,0.0,Room_2_motion_001,Z0FBQUFBQm91djAycnc4dU85VHZHekJDdFNzMlJWWVV2TWhkQTZJNlN0QTdPOHdfVFE3QTZhNmFoLTAtdFlGZldnVmVRdTk2Z1pJN3Z2d05FdjQzbjh2YTN3OFBJT08zOXc9PQ==
2025-08-29 23:08:42.548269,Room_1,motion,0.0,Room_1_motion_001,Z0FBQUFBQm91djAyNGs4LXdZMzAxNGRsYWJZbHNadFZ5Q2pzUWwyOWl0V1d2UnNqYWtEQ052cHJnZ3VXQ01nMGtraldtcVBxYUtfRFZ3WUNGdExUTTN3b0E1VWc3c3VEdkE9PQ==
2025-08-29 23:09:42.548269,Room_2,temperature,20.95,Room_2_temp_001,Z0FBQUFBQm91djAyTEtzMzhmcTdiQmVoeUhab2FuZm9IOU0xdnJwb2N5bUtOcmFENWRSaHpIRk1uRzNfRW15MHFjX20zWG5JTWhMYzZXNFRadm1HUUY4amtsNXc4TU01TlE9PQ==
2025-08-29 23:09:42.548269,Room_2,light,15.62,Room_2_light_001,Z0FBQUFBQm91djAyQ1lVLWtNVmZwRnhGYU8zOGtjTWNJWEpKX0Nrb3h3TWQtZHdhekpOaTV6RWdITms3bmtUUml4bHljRGMteUg2X3JlNlJuVFJyNDZGVlFQVVFKRlhKdHc9PQ==
2025-08-29 23:09:42.548269,Room_2,humidity,44.45,Room_2_humidity_001,Z0FBQUFBQm91djAyTUJxSEhyUzhEOUMteVpld0lrdktpci02YnZKcDJpWC1sdWNaN3JTV0VpNjgxa050bHJveF83ZmJRazY3MHBmc3E0cmFidVlMSjRvVGI3VFRPNnEzS2c9PQ==
2025-08-29 23:09:42.548269,Room_1,air_quality,17.21,Room_1_air_001,Z0FBQUFBQm91djAyeVVzT1AtN2liUU5ZS0lINHpveUZSX3VoNFhZRDJETDFaVEZmWmdiblB2clNLSFE2ZVNnT2s1QWdqWGI3N3A3Tl9lWFV6cTNZRnNuejFZS0pVQVpfWWc9PQ==
2025-08-29 23:09:42.548269,Room_1,light,50.59,Room_1_light_001,Z0FBQUFBQm91djAyNmNkeFlrNVpqQURWTzBxMzh4cXk3eUFhMTdfSTJlU1hRQlRfZk41WXZmRWlpRjlkUG1LdHpEdnFMOWxyZlBTbTYwSmNxTXBuREdsMHYtWVl2aUZqeXc9PQ==
2025-08-29 23:09:42.548269,Room_1,motion,0.0,Room_1_motion_001,Z0FBQUFBQm91djAyMTB6V1dkN251SUNQRzdoa0lvQXNKRW9DQV9MamRwSjc5Y0lJLWc4ZHlQX1RhRFJLVTFVQ0JxM0FjbzRxV0syeUtzZW9uXzZZVU96U0FxY1dqV0hiS1E9PQ==
2025-08-29 23:09:42.548269,Room_1,temperature,20.16,Room_1_temp_001,Z0FBQUFBQm91djAyRWxITlZhVG80X2VReUdBYjg1TVJSRmxfTXZ5eUxCUmM2ZGtNbXNqUldLaG5SQTZXS2doWlBSYzM2azZFZlZrMkwzWEtKckE5RGlGTmdRb0hWZmNGN2c9PQ==
2025-08-29 23:09:42.548269,Room_1,humidity,58.43,Room_1_humidity_001,Z0FBQUFBQm91djAyYzNpdGQ3WHc5cDBDbHcwNVlWbUJrdmFSOU9WSVl5VjRtUm5tVkVQOFQxcXdiWmpuRUJPZUNieWpmenl3ZndKTHR2Q2RKV2pyMFMtWU02bU9TVmR3Y3c9PQ==
2025-08-29 23:09:42.548269,Room_2,motion,0.0,Room_2_motion_001,Z0FBQUFBQm91djAydm9yRVBqNzhOQ0JaeFpWRndmZzlIeXoxVDhjeG92NTJ4STRPeFJSSXFvUV9WSzJ1LU9SQWtsbGZUei1xZURvNjdUMUtVOER2MFNBdU1SbUR4VTNjcXc9PQ==
2025-08-29 23:09:42.548269,Room_2,air_quality,24.3,Room_2_air_001,Z0FBQUFBQm91djAyNm83SmFQUmxETTBpT0dDNTdTcUFIckdDTVhiTjA2THYtajVzWVduaGE3SDQxSk1obHkzRjhWN2hWNnFMR0hoVmNvMG1BR2Yxb2pVUzlZUkhTdnN0SkE9PQ==
2025-08-29 23:10:42.548269,Room_1,motion,0.0,Room_1_motion_001,Z0FBQUFBQm91djAyaWRyaXp1UVg1LS0zemZEbUpfdEQ2U0RLOFdvSko2dUhfVDU4eHRYbHhEdjBqNWJpT1BjR1pKVEg1cXI3dk5vVVJWbTM4SzJZUTJGNkt2b0dZSXFPSHc9PQ==
2025-08-29 23:10:42.548269,Room_2,motion,0.0,Room_2_motion_001,Z0FBQUFBQm91djAyeVBrZ0lBOHBsZC1HYkg2R1VBM3RaOXlZeUZJZlFPSU5CMTJ2TjUzcWRiM0FncjN2RVNtQWltdUtUaXM1MnRjMzd4LUpqUUZJNXpBckdteUhUbzVWZkE9PQ==
2025-08-29 23:11:42.548269,Room_2,motion,0.0,Room_2_motion_001,Z0FBQUFBQm91djAycHlGM0dCWllsekw4NWhSOGNSVHVIUjZHeUFVWVZzMkYtbDZVMUJxVG56TUdBOTZjMmExa1NYZ0kzbXR3M2lDemVZTzlHVTZaX3hMMWp3TFAwY3BLZGc9PQ==
2025-08-29 23:11:42.548269,Room_1,motion,0.0,Room_1_motion_001,Z0FBQUFBQm91djAydWtJbGdhQUJkNi1nNmdya1htUjNxV1RNRnBIcVhhaFRJdzBOZEp6SEc2aF85NnV0dEt4WDc5OXNpdENyaXh5TUM2YldTSlhsRVpOYm9FbGwtT3FqQlE9PQ==
2025-08-29 23:12:42.548269,Room_1,motion,0.0,Room_1_motion_001,Z0FBQUFBQm91djAyLTNtOXVpdmhfUFM4SzNCMi1lLV9lTUtUaFgtWjZ2U2thM25Xb2NfeGJzUkZvYjhiLWdkZzVEOExGNzlvZnJMVXdWSVpHM1IyRTJ2c0hoUEc2bEhjZUE9PQ==
2025-08-29 23:12:42.548269,Room_2,motion,0.0,Room_2_motion_001,Z0FBQUFBQm91djAyWmdSVTF2ZEwxbkxlWHdSNDY1cVNOQTg1ZnBRaFVCWFFja3dsOXlFNS03Y1ZQSzl2R19LNGdBU1RfTmtDb0hQcy1hOVBFbUd0LTJhQUVxWDdUNndwYkE9PQ==
2025-08-29 23:13:42.548269,Room_1,motion,0.0,Room_1_motion_001,Z0FBQUFBQm91djAyRjlfY21aRVY3TXRvaklXby1vUUZwQWhBbVUwX0lPUDVQX1FIaGlxSzZMbU1tTTV3Q2dhR3J5WGhCcE1NQjJZMklOa2ZsSXVNU1JQTHdGZzVHVmg3WWc9PQ==
2025-08-29 23:13:42.548269,Room_2,motion,0.0,Room_2_motion_001,Z0FBQUFBQm91djAySElJa1FlUDdWZTZ3eW92eHJaVXBqQ3lQMWZ2NTFFQmNWejNhVkpjZTNIQTRlWUpUQTJXVkNadTBTU2RuX1IyOU1vT0VvWG5rSk1nMm1aSkhNZDM3R1E9PQ==
2025-08-29 23:14:42.548269,Room_2,motion,0.0,Room_2_motion_001,Z0FBQUFBQm91djAySmk4TExsc3NXa2ZaS2tBMjlsa2QtODZ2TWt4S3Y2QklSaVBFQ3hXVmZaRUlZMTB6ZllwQmlFM0RzWlJwNUQwWFlaTXkzU3MzTWNRZjlhSTRacGtlcHc9PQ==
2025-08-29 23:14:42.548269,Room_1,light,14.38,Room_1_light_001,Z0FBQUFBQm91djAyTnFHSTFTZjZUY1RWbFFpamVheVFUcG9rWkZ0YmpOR1pMQ1RRem1ocmdqMmVQb0lnVmJaWnNvbjRrNncyN3dvUWRUeW5TYVIzYzJMNUtwczRwbDIySVE9PQ==
2025-08-29 23:14:42.548269,Room_2,light,57.63,Room_2_light_001,Z0FBQUFBQm91djAyNXJjQmYzMDlvY3RhaUREaERsNlpwVEhTcGFxbXIzMjV0ZGVxN2hidllxY2Nwc0E1R1FtZ0wtS1lWcndCekFFUHR2aTNrT3ZLektEenExNXRfckphbFE9PQ==
2025-08-29 23:14:42.548269,Room_1,motion,0.0,Room_1_motion_001,Z0FBQUFBQm91djAyQkZ2UmtvMFdGaHc1aThFMFZYS001RmZHMWRtNG4yX3FNS21xTlFweDRrZFQ3Q2FFYlljTUI5RU1JeE9fNWJhRkVvdjVnOXlSdXl6TWJIdENSbnZRckE9PQ==
2025-08-29 23:15:42.548269,Room_2,motion,0.0,Room_2_motion_001,Z0FBQUFBQm91djAyY08yS1psN3NNdWJoeWVhaTNHRWpla0JRRWhQM1QxeHdXSmZlbGF2dzBkbG5PLVRCNGE2OG4yUnZmQ1A3ZU83d1BXVmwwMTlIdi1mNVlZR2poOHRZNkE9PQ==
2025-08-29 23:15:42.548269,Room_1,motion,0.0,Room_1_motion_001,Z0FBQUFBQm91djAyam8xS25nRVVxQnVTV1ZuU0t2TnhZVVo2cHExOXVCVGlqbmVPTUYyM3d1QmpISEZJSVlnS1JrQzl5NTJlbnh2blJfWk1KY09vaXpjNVNuaVpKOExySWc9PQ==
2025-08-29 23:16:42.548269,Room_2,motion,0.0,Room_2_motion_001,Z0FBQUFBQm91djAyNmp6S2JIdm9La2ZUREtPbnk2aVFfaGVlRmRyUzlfYllqcXJDR3Z2QlF1bERORDBDX2RweGp1RlJ3OXBQQi1OR1lfR1kyYUt0Mm5TY0YzeDI2VlpxUFE9PQ==
2025-08-29 23:16:42.548269,Room_1,motion,0.0,Room_1_motion_001,Z0FBQUFBQm91djAyVW5rV2RpUmJaRlFYcmZHQThMMW53bjVaQTNzV2RMZ0tLQl9XdTVKYlE4R3c3ZnJNdy0yclVNQVFXOWVuN3BsSl9xSWRERHlpbHpPZlJDUGNWNkFmTlE9PQ==
2025-08-29 23:17:42.548269,Room_1,motion,0.0,Room_1_motion_001,Z0FBQUFBQm91djAyMFpzRVFQNDdsYWRTR2lLczZtTFBXZndOc2tiOFNYRnZqWVJHUnlVdFh4MlRFZVZMUWh2ODh5TDV1b18xY3dsMU1jcGZ3T2xoZ2sza0dYZTlNVkJIV3c9PQ==
2025-08-29 23:17:42.548269,Room_2,motion,1.0,Room_2_motion_001,Z0FBQUFBQm91djAyWG9DanZpWlFRN0FQNFpGVUpZM2NiOTJDRU1ubGxza05SeWlEcmNfZ3M5dXBkS1dJenZZdjlBdzF1UVpTVXRxVnVVNEEtN3JqYjFGY29hcGh5aUtHRkE9PQ==
2025-08-29 23:18:42.548269,Room_1,motion,0.0,Room_1_motion_001,Z0FBQUFBQm91djAyQTljejVIYWQ3a0xPRzRLUXNxSzNjdlFaYktYUWg2ckNnRXV6dkNlWE80a0hJeVVRZE9saVBpbDRHWWZnbVJsemRMN2NTMVpQdmRxdXF5Yzh2MzloV2c9PQ==
2025-08-29 23:18:42.548269,Room_2,motion,0.0,Room_2_motion_001,Z0FBQUFBQm91djAyN1dRalN4b1NwNmZGOXp0cVhWd19lR19NWi15RFhsM3piQ2d1S3VHVUlDSElMc0tNR3BIdVk2Tng5VW1ybDMweWNDOE04TzBrNXhaZWd0V0ZqakxXOGc9PQ==
2025-08-29 23:19:42.548269,Room_1,motion,0.0,Room_1_motion_001,Z0FBQUFBQm91djAyaGQ4SkFKU3g2ZDFKS1EzVkVoa1pXSlZHM0dOOGtuVG15eEZ0NFFKejRZMkhwQW52dk9fUW0yMnlFRHVmNnFzNnA0ekJwaWdxb09oamYyQllsNC0zNHc9PQ==
2025-08-29 23:19:42.548269,Room_1,light,238.09,Room_1_light_001,Z0FBQUFBQm91djAyN2liYXk0cVZkN1RiN2JxQ1J5MmZ2NFV3QVNNeXpZV09iLUFGcGp6UEdmLTE0SDZ2TF9Sd05yaDRvWDNMV2FYZDh5c2hyQW1TdVlldmZiR2lwMDEyaXc9PQ==
2025-08-29 23:19:42.548269,Room_2,motion,0.0,Room_2_motion_001,Z0FBQUFBQm91djAyZVVIajR6ZlJIYUVsU0lsNG1LaUVfTW8xWVNwWXJhQ0RXQ2xFdmV3dE5sWjBmeTJxaWFDR1pIREROZUVZVWx6MXFoOTdaOW9WVXdTM0hzQ05FNmVXZXc9PQ==
2025-08-29 23:19:42.548269,Room_2,light,43.18,Room_2_light_001,Z0FBQUFBQm91djAyRFplTkh4TjlOYVFuWmVCX0lQUXBqRTBUOWZUc3d0Q2Z1aHl6YUZUN0x5R0RGRWJtaHNia2xUclpmTW1BUlMzRTAzMVNoOGh6MTl3ZlJmMWpoeUlIa3c9PQ==
2025-08-29 23:20:42.548269,Room_2,motion,0.0,Room_2_motion_001,Z0FBQUFBQm91djAyRlpndGZ4S1BmRDBkcURoLVZQWEJzdkhkYVB3R2pQTmxPQ3Bqczd2N21yczlBYnFPRF9uTVR0dzFiUEdhQ0lDQjdSdktpMTc4YU1SVXp4aTVrWHlvNUE9PQ==
2025-08-29 23:20:42.548269,Room_1,motion,0.0,Room_1_motion_001,Z0FBQUFBQm91djAyVmhWallJWWZFa3M3M094NlRJVzQwc19IVDZ6bnhhV1FXUlRhMFBpZTJrRFBOZFJ4T2VHSTdqQUNZMHZJOVo1Zm05eGN6cEZhTy1SaXQyVzExckpaWVE9PQ==
2025-08-29 23:21:42.548269,Room_2,motion,0.0,Room_2_motion_001,Z0FBQUFBQm91djAyZGtzcFR2UlRaZ1Q3U1Q4OGxFQ1JKeEVYaXV1SFhHUkpja1ZadVZXRWp1YzRxakZvT0pxaVhfR0RsTmlLeGpSd2QyZGtYb1VWOFdQQjcyZUpnR2ZRSFE9PQ==
2025-08-29 23:21:42.548269,Room_1,motion,0.0,Room_1_motion_001,Z0FBQUFBQm91djAyUGk2ZnNmQkZZR1k1bmVMcU1xdGp5TzVrYzNBLU9tV2ZkdGlTQXlwaFN0dTc5cUdjTWVuSmFwVVhjLWFIWGlFalpyVzNRUVNiZlMwOThQcF96bTk3dkE9PQ==
2025-08-29 23:22:42.548269,Room_2,motion,0.0,Room_2_motion_001,Z0FBQUFBQm91djAyMVZxeHpMOHo0VnI0ZGNhRGwyNklTV2ZRV1dBRkhvTVRMSmhLQW1Gb1ZRVGozaWVyRHRLQV9RMVYxYVItemVRajBsRURKcEdWcG84Yy01YU92cnR2OXc9PQ==
2025-08-29 23:22:42.548269,Room_1,motion,0.0,Room_1_motion_001,Z0FBQUFBQm91djAyNzZrX3V5UG1Qd21ON1A5dkpTSUZldHgxcVJFdHlzc2FsYjNtN2RYMjh1WE1pcmpwUjlaeDRBYm1EYWVQaV9Ud0lLRlcyZnNaMnNKTmVVQkdqWE5fRHc9PQ==
2025-08-29 23:23:42.548269,Room_1,motion,0.0,Room_1_motion_001,Z0FBQUFBQm91djAyQXY3S1luQXcyRWxhRWk2bDBLN3EtYVhNY1JaZFdfMkt5VTM1a3Zoa0w2ZmstX3dfWUhoVVpMYWZlR2hKZlNhU3h2eXpOVHhic2ZVajdsTjQ5NXQ1ZHc9PQ==
2025-08-29 23:23:42.548269,Room_2,motion,0.0,Room_2_motion_001,Z0FBQUFBQm91djAyMzEya3JNdjc5YzZndjdKdUNzMFZMUG9hem5OYWJfZC1BWEsyaHY5NGh2X2VzbFQyZklqQlF2Y2RnalJPeVhfdlBQVTh1d2hDVGdKRHpBWTFxR3RFblE9PQ==
2025-08-29 23:24:42.548269,Room_1,motion,0.0,Room_1_motion_001,Z0FBQUFBQm91djAySFRVQklsOE0yRVBINWxTdC1DcUdocjlldG4xdDdvUkV1d2l6a0poMVA2M0FfVUFjdE1fVzhLblNpUERBeXRCdTdTVl9aNjJGWUQ2dUVNcjJtYXZXa0E9PQ==
2025-08-29 23:24:42.548269,Room_1,temperature,21.1,Room_1_temp_001,Z0FBQUFBQm91djAyY3BSbTFUUHZZUkdMTUVFSFlwUWo4UjFTUGp1c2JwZUpKUFdTU0pOcFl3eldUVGYtMm1vU2luXzRXLWxmajQ0S1QtdzFhZzRXb29oM0d6c0VpMkc4T1E9PQ==
2025-08-29 23:24:42.548269,Room_2,temperature,20.05,Room_2_temp_001,Z0FBQUFBQm91djAyd3MybnFRSDhOR2REY1BpaGpZcFd2QjZDdVJSQ0hkN1JQNUpuTEFVU3JVQnpocVUzcmc5bVVtTHZUU2tmZmtISnFmeHBDR2dTX3hYWUVzaHBHMFdLNGc9PQ==
2025-08-29 23:24:42.548269,Room_1,humidity,56.96,Room_1_humidity_001,Z0FBQUFBQm91djAyelFkLTBaeDY2WllMWWlJcmFBU3N0bXQ2cEp0SlVSMldjUDJVR3VkVlV3OEh0eEpfREc3SzlQdlRkcXN0Y0ZwdXlSLUpqUWdiRldjVHppam1GWGdjZ0E9PQ==
2025-08-29 23:24:42.548269,Room_2,motion,0.0,Room_2_motion_001,Z0FBQUFBQm91djAyMmdNMW5oSWZXTjgtRFFxSHFaeHRVMHNGV0tTSFA1TGJwT3JHNExkN2ZNZEt2MF9pMjAtUDVUTUpRdUhsVnI2N2FJRzk2bGxUcmMtOUhxOWh4RTVhMmc9PQ==
2025-08-29 23:24:42.548269,Room_2,light,113.28,Room_2_light_001,Z0FBQUFBQm91djAyQ2o1aG9HTm5sMG5xWE5JR0FHTWlGWlIxTFJWSTBlcTB4T1h1NE9XYWlvWHJHLXZybHFNMDFHdWYyUXVFNVJBRGNlZ2E0WXdZZ2pQVEZZOUROQ3RjQ1E9PQ==
2025-08-29 23:24:42.548269,Room_2,humidity,44.52,Room_2_humidity_001,Z0FBQUFBQm91djAycVk0TzByMTJRUC1PaWlBc2lKLXVYcG1LWlA4aWZEbzJIWVNvMmtYdlZ6VWY0NVF3OXB3NGEwSmZqM3VDZ284YWtkeTVCNUx5RVFva0twZUVNOXdPVmc9PQ==
2025-08-29 23:24:42.548269,Room_1,light,268.89,Room_1_light_001,Z0FBQUFBQm91djAycVYyaXVHUEpWQ1BPRWFmcEhvLVk4MEtJZmlkWXR0V1R2UTVsN1FidGFqZWNvWEVOQXRDRFNKRkRlWmJtTXVkMWtDS0JYTEI3SFA3ajliNVp0SjNTbEE9PQ==
2025-08-29 23:25:42.548269,Room_1,motion,0.0,Room_1_motion_001,Z0FBQUFBQm91djAydFpfc3hIRWhvbnA0bkRQdHF5SUxjUE1Zcl9pQ1hidHBuWVBoNTVFeFladjMxTnhneW9WNm9vQ3VWOC1URVh2eDVXQ2hrbE1sOHVEWGZUTlN5b3k1Nmc9PQ==
2025-08-29 23:25:42.548269,Room_2,motion,0.0,Room_2_motion_001,Z0FBQUFBQm91djAyOW1kRkFpYzExZl9hdS14bGtxbHFiZzNMNGxHQy1uX04yMEU2WDUtQmVUd08wanNEczMxaWJIVWYwZkhVR18xcTc0VXN6RlVjdXFVRGxYVzA2dGc3Zmc9PQ==
2025-08-29 23:26:42.548269,Room_2,motion,0.0,Room_2_motion_001,Z0FBQUFBQm91djAybzV0d0VXX3M0LTFxMXpWRmM1N3FxR0RGb1ZiazVkX3U5djVGX0s1ZkZfRXp4T2psTzF5X1Jwblo3WHBidkxOcWRzN2tKVW5lOTlUX2NJTkhQOHhjV0E9PQ==
2025-08-29 23:26:42.548269,Room_1,motion,0.0,Room_1_motion_001,Z0FBQUFBQm91djAyM000WXhGeEtiNDlUeTFuUGlfaHBXVEdaWHZxV19BalJSLTdCUkxZZThiUXBoQmNob3JwWTg5eDJaRFd6OTcxRWFNeTJPbWxpM3ZPS3RTZUtyeHAxTVE9PQ==
2025-08-29 23:27:42.548269,Room_1,motion,1.0,Room_1_motion_001,Z0FBQUFBQm91djAybmJXbk5tdkF5SkhLd09aZXRaOXZhQ243dG1ZMElxaXRWQ1dKX1JfNkZvYkZvOW9tSlQwcFlwMkdNdGdtT2pEdm8tS1RtQ2VCMjk4Q1ZjZ2EzYldGcnc9PQ==
2025-08-29 23:27:42.548269,Room_2,motion,0.0,Room_2_motion_001,Z0FBQUFBQm91djAyNTM5ZnhnRkN1eUI4dG1QNk5EOXBOaE9fdjJHM01vcFdxdGpZa1hYT2hWc3BRV1FoVXN6bmpXMjhpaTd2NXhxMVV3cnE2U2JISUg3bjJOUlZFdjU4Qnc9PQ==
2025-08-29 23:28:42.548269,Room_1,motion,0.0,Room_1_motion_001,Z0FBQUFBQm91djAyWG5wa1ctYmdTYndZU2N5OG5kSmliYkQ0UGVQdjctY1ZMTUUtMGk1SnFNbXdOVjRUSmo4Y2MybDRwOGhxWDlPZ1dZa3NUNjJ1LU1Laks0RThYbzRnaVE9PQ==
2025-08-29 23:28:42.548269,Room_2,motion,0.0,Room_2_motion_001,Z0FBQUFBQm91djAyQ2FDdzdjSDBGakRtYno2VEhLOU44RklwTTRSQUdoYWliVktXQnVsZFpmckpZQkdmNktqMFlsdllyOXowdUU4NW51a2lvUXFxdndhQmd5SFIyY250eVE9PQ==
2025-08-29 23:29:42.548269,Room_1,motion,0.0,Room_1_motion_001,Z0FBQUFBQm91djAyTmxCVTMtRlhDRTkwLXBGNXhnZWltSmpXZVlQR0pKUDFrbzlBUFhqVUNnM1JTS1NXLVluQ1FnVzFwbV91bU9DemxpYmViOUg5SU5QM0QzeDFuOFBPTmc9PQ==
2025-08-29 23:29:42.548269,Room_2,light,42.9,Room_2_light_001,Z0FBQUFBQm91djAycHZ3X2VZZ01MdVZRVnA5Q0J3cTZuSkplRnRxbEY4cENHZlJqUXdmNHJhMzJvaUw1OHRSWm9JeVJZcWdkYktTWXhwb2Z0YUw4X1N6dl9QczR3M1UyakE9PQ==
2025-08-29 23:29:42.548269,Room_2,motion,0.0,Room_2_motion_001,Z0FBQUFBQm91djAyYkNDTjZ5NVpLemk5czhPVThqRW5ZVng3V0ZjV095UmI5UU4tZXpOQ0l1a3R3SXduMU0xV0lxVWVyVkJ4NGx0OTN0SDBOdjFkSG14M2ZkMmhYWTlZYnc9PQ==
2025-08-29 23:29:42.548269,Room_1,light,88.74,Room_1_light_001,Z0FBQUFBQm91djAyWEtKUjRVYUdNODVFV2dhN0hndk15UndoY3huQ2Nxd2luUlZMamw0Rlc1eEZ3bnEtMkNvaFdiN3A5aXhLZzd2NVA5UFRjU3A3aXBqclRyV3pURzc2UkE9PQ==
2025-08-29 23:30:42.548269,Room_1,motion,0.0,Room_1_motion_001,Z0FBQUFBQm91djAydGI5dlZaVTlfMzFVZ200M1puMFc1SUhzbHBEemN1TlViOWQzakp5SWtyQVpodS1NLUdTWmwtSnU5N0t0NFNlSjR6VWRSN2RYZVJYaksta2xqRW8ybHc9PQ==
2025-08-29 23:30:42.548269,Room_2,motion,0.0,Room_2_motion_001,Z0FBQUFBQm91djAyOWN1d0pBYkoyaVAwb3dKT1BtYXY1QjMxNHQxa3U0eHR0eEZ3Ql9QQ3FXVUNYZmNhd1g2T01pR29fbkpNUFk4dnZUc0hTZWY2enExVjJmc0wwWmJIUFE9PQ==
2025-08-29 23:31:42.548269,Room_2,motion,0.0,Room_2_motion_001,Z0FBQUFBQm91djAyR3ZLWHBXUkc3RWhaRmFfMDZnSU5PRS1renM3cWV3MmV5ZFBJN0pUYUpoeHRTampSWV9BNjBkSkd6djFIOHF6ZXRTS0EtNV9qNzdDcjRpam5GV0dfTXc9PQ==
2025-08-29 23:31:42.548269,Room_1,motion,0.0,Room_1_motion_001,Z0FBQUFBQm91djAycHpBTkM2RWRTQmxId3VkYWlZbTZ1N09Xb2VDRXp5cGFoSXJsVmk4d19SckpPc0tLbHloSDFYRDlkeXdPT3N2aFAzQTMzN0VvWDJ1YjY5SGFlTS1Ec2c9PQ==
2025-08-29 23:32:42.548269,Room_1,motion,0.0,Room_1_motion_001,Z0FBQUFBQm91djAyWUMtOEx5d0lxSjlBVVZXaF9aX0ZPdFdjcDBhUDVMMnE1OUE1N0VPRTd6UmxrWV9OOGVvOF9CS1pNaVJRUEF3MU9aMmUydFBVQzdwVm94R2loZkxyTHc9PQ==
2025-08-29 23:32:42.548269,Room_2,motion,0.0,Room_2_motion_001,Z0FBQUFBQm91djAycksxZk45czZLb3k3SmZzS0R0aUpDdWZfYlcwYzJKZ1ZlMzZvb1NadFBWZlJGNkd2Z0FoblNlSFRmOExaeVpuVTdNUjR2UnhCOGJyS3ozXzdQRmhUUWc9PQ==
2025-08-29 23:33:42.548269,Room_2,motion,0.0,Room_2_motion_001,Z0FBQUFBQm91djAyTUluSVdIcDZIckMzTWFZeURZTEtjdlN4N2FmRHhvUWxydENua0dOQTlFdUhYdlN0dE5rbnhLVUxEX01Qd05HbXNnck5lNXhhbHk0ejRfV05ncl8yb0E9PQ==
2025-08-29 23:33:42.548269,Room_1,motion,0.0,Room_1_motion_001,Z0FBQUFBQm91djAyU1J0NmxZNU5aS0U1eGltQmhrT09JWXl0VVNUblhlS1RreGZNYWhpam8wWmVTU0NKYU9FbTU5VUxOdW54VjVDeW9vNUlEak5SVTg3Yk5ieEJ0dk9Ucnc9PQ==
2025-08-29 23:34:42.548269,Room_1,motion,0.0,Room_1_motion_001,Z0FBQUFBQm91djAyeWhPa2dEaEFtb3NDbGtkcDNrb1BnV0JMT09JaWFuVWRvS1ZucHhOUjdKdkFHVDlLM1V5T1BUVGdxVEkxeWhITERPdGpnaG5ydlRneFZ3Ym5EUjhtZEE9PQ==
2025-08-29 23:34:42.548269,Room_2,light,82.0,Room_2_light_001,Z0FBQUFBQm91djAyMUJnMXdOazlBYnNSUTh5eERwbG9oLTJlczJyNlJ6ejA4d0Z1RkFmX1dOX0ZIUFE4WWtTVzBMMHRnNXRidnRWZHpEeUQ0YXVPeWJlWG1nejlKZEg3cWc9PQ==
2025-08-29 23:34:42.548269,Room_1,light,82.62,Room_1_light_001,Z0FBQUFBQm91djAyVWktS3lMOUtYdHdQdnNKUzRBV3J1ajgtd1lfTmNlNnV3MWdZMXowNTZEbFd4T0pfaXBoRkdsZHRZRlBaQmp4QV9Dc1BuWWJQTzhqcm4xMnd0WDF4Y1E9PQ==
2025-08-29 23:34:42.548269,Room_2,motion,0.0,Room_2_motion_001,Z0FBQUFBQm91djAydlZiQnd1NkRma2Ewd2gwOGdOOTJWaHNXaDdoMzllYkp2UTEyOWUycDNaNEJTaWo3SUJRZ0VBQmg0WDM0UVZxOEt0TVhIVVdlMllBck1IRHJmckg2THc9PQ==
2025-08-29 23:35:42.548269,Room_1,motion,0.0,Room_1_motion_001,Z0FBQUFBQm91djAyOVdDUDhpSGNNdlRYR3ZkTllpbW9BZmFJWEc5dTNCOXpQVmRwcnJTTmhUMWxiblNUSFZPbUtQY1AyOHZSRzExOGEyVFczTV9LbExKTWZzVlJlMDE1SFE9PQ==
2025-08-29 23:35:42.548269,Room_2,motion,0.0,Room_2_motion_001,Z0FBQUFBQm91djAyWGpQcmJyc1FkbjVNdGRoZnRfOVRRYzFpb19LZjVGYlRrZjYydWhodXR2WDEzYk5xNlFteUU2NUF2N3E1ZnNDdGxiSl81eG5KME9KZzljRkVKNDlQYVE9PQ==
2025-08-29 23:36:42.548269,Room_2,motion,0.0,Room_2_motion_001,Z0FBQUFBQm91djAyMmliVFlRTzlpbW9GRGlsRXV2QjlITXNQa1BDbUhhY2I4RmEtR29HMmc2MGYyeFBfaWM5QTU3ekNpOHI4TFg5U2pDclBBajBIS2N1S0NNdWxqTGhmVnc9PQ==
2025-08-29 23:36:42.548269,Room_1,motion,0.0,Room_1_motion_001,Z0FBQUFBQm91djAyT0E4cF9FdTlXTTVWV3pXWm10bVpOYURlaU1ONGk4enhBUEZ4WmZlRkhHbjlQYk1EcGJXNUtuSXVmWUtaVkYzbXBHcEF6V25JLWJpdnhQaUc2UlFLZEE9PQ==
2025-08-29 23:37:42.548269,Room_1,motion,0.0,Room_1_motion_001,Z0FBQUFBQm91djAyUk92cFp4RDkyZ0l4bmY4bk5mQnhPMHNtYjBUTU9fY3NmMlBwRHdVbTdKSktPbkFnVFc2Y0t2Z3hlWWQzcHdrV0RGV2lwN3BwVkJ0aURoZnNSR3kxNGc9PQ==
2025-08-29 23:37:42.548269,Room_2,motion,0.0,Room_2_motion_001,Z0FBQUFBQm91djAycmdzMVU0VUtPMERRUlpEa0oxeDNsUkZvWnFxTkI4Mm82VzFUXzlMN2gzTURERnA5ZVZMeWY0SWJJTGJZWU5HbWNnSm5XUXpJc1VlNFVKTFFYS001S0E9PQ==
2025-08-29 23:38:42.548269,Room_1,motion,0.0,Room_1_motion_001,Z0FBQUFBQm91djAyWVBpU05OeFZXQzB6azhnSi1iRTdnNlNEckJaQWk5dE5xQzJodm1XZWcyTkY1Q0sxbFdPQklzWDhZS3JlV1pvWkd0bEdNQWxUZUhuaXZXRzdHUldJaFE9PQ==
2025-08-29 23:38:42.548269,Room_2,motion,0.0,Room_2_motion_001,Z0FBQUFBQm91djAyX1FBZW9UbEl3a2NyZXNUNVo1eTNodGxrMVVRRmpSeGVxaUtFVzB3S013ZE1vcko1QUtVZ056WGpVWUZKQmRfTldmWnhnY1BhNzRFa096eFduX2Jhc2c9PQ==
